"Date","Description","Original Description","Amount","Transaction Type","Category","Account Name","Labels","Notes"
"6/06/2021","Wal-Mart","WalMart SC 01896","24.35","debit","Shopping","Discover","",""
"6/06/2021","Goodwill Industries","DISCOVER GOODWILL OF S","16.00","debit","Shopping","Discover","",""
"6/06/2021","Goodwill Industries","DISCOVER GOODWILL OF S","6.00","debit","Shopping","Discover","",""
"6/06/2021","Wal-Mart","WalMart SC 01896","120.59","debit","Shopping","Discover","",""
"6/05/2021","CARIBOU & EINSTEIN #35","CARIBOU & EINSTEIN #35","7.35","debit","Coffee Shops","Discover","",""
"6/05/2021","RIZUTO S ICE CREAM","RIZUTO S ICE CREAM","3.43","debit","Fast Food","Discover","",""
"6/05/2021","TST* BURGER - IVYWIL","TST* BURGER - IVYWIL","15.15","debit","Fast Food","Discover","",""
"6/03/2021","Apple","APPLE.COM/BILL","5.40","debit","Electronics & Software","Discover","",""
"6/04/2021","Liberty Mutual","LIBERTY MUTUAL PAYMENT~ Future Amount: 50.81 ~ Tran: ACHDW","50.81","debit","Home Insurance","Interest Checking","",""
"6/02/2021","PP*JOSHJOHNSIC SAN JOSE CA","PP*JOSHJOHNSIC SAN JOSE CA","4.27","debit","Fast Food","Discover","",""
"6/02/2021","Acorns Invest Transfer","Acorns Invest Transfer","25.00","debit","Transfer","Interest Checking","",""
"6/02/2021","Weidner WEB PMTS","Weidner WEB PMTS","600.40","debit","Mortgage & Rent","Interest Checking","",""
"6/02/2021","Deposit","Deposit","25.00","credit","Investments","Acorns","",""
"6/01/2021","Requested transfer from ALLY BANK Online Savings account XXX","Requested transfer from ALLY BANK Online Savings account XXX","850.00","credit","Transfer","Interest Checking","",""
"6/01/2021","Requested transfer to ALLY BANK Interest Checking account XX","Requested transfer to ALLY BANK Interest Checking account XX","850.00","debit","Transfer","Online Savings Account","",""
"6/01/2021","APPLECARD GSBANK PAYMENT","APPLECARD GSBANK PAYMENT","154.56","debit","Credit Card Payment","Online Savings Account","",""
"5/31/2021","Portal","Portal 1 & 2","16.22","credit","Income","Venmo","",""
"5/31/2021","Steam Games","PAYPAL *STEAM GAMES 402-935-7733 CA","16.22","debit","Entertainment","Discover","",""
"5/31/2021","Valve Corp.","Valve Corp.","16.22","debit","Electronics & Software","PayPal Account","",""
"5/29/2021","Apple","APPLE.COM/BILL 866-712-7753 CAAPPLE PAY ENDING IN","0.99","debit","Electronics & Software","Discover","",""
"5/27/2021","Wal-Mart","WALMART SC 05123 COLORADO SPRICO","69.00","debit","Shopping","Discover","",""
"5/26/2021","Gasbuddy Gasbuddy","GasBuddy GasBuddy","0.01","credit","Income","Interest Checking","",""
"5/26/2021","GasBuddy","GasBuddy GasBuddy","0.01","debit","Gas & Fuel","Interest Checking","",""
"5/26/2021","URBANLIGHTC 888-221-1161 CA","PAYPAL *URBANLIGHTC 888-221-1161 CA","20.00","debit","Hobbies","Discover","",""
"5/26/2021","Community Church","Urban Light Community Church, Inc.","20.00","debit","Gifts & Donations","PayPal Account","",""
"5/25/2021","ROADHOUSE CINEMAS RAILYD COLORADO SPRICO","ROADHOUSE CINEMAS RAILYD COLORADO SPRICO","25.95","debit","Movies & DVDs","Discover","",""
"5/24/2021","MUSHROOM MONDAY MANITOU SPRINCO000230584301404","SQ *MUSHROOM MONDAY MANITOU SPRINCO000230584301404","10.89","debit","Restaurants","Discover","",""
"5/24/2021","Acorns Invest Transfer","Acorns Invest Transfer","100.00","debit","Transfer","Interest Checking","",""
"5/24/2021","Deposit","Deposit","100.00","credit","Investments","Acorns","",""
"5/23/2021","N ACADEMY ARC THRIFT COLORADO SPRICO","N ACADEMY ARC THRIFT COLORADO SPRICO","67.05","debit","Clothing","Discover","",""
"5/23/2021","Goodwill Industries","DISCOVER GOODWILL OF SOU COLORADO SPRICO","13.00","debit","Shopping","Discover","",""
"5/23/2021","Safeway","SAFEWAY #0835 COLORADO SPRICOAPPLE PAY ENDING IN 4","16.45","debit","Groceries","Discover","",""
"5/22/2021","Wal-Mart","WALMART SC 05123 COLORADO SPRICO","34.72","debit","Shopping","Discover","",""
"5/21/2021","Wal-Mart","WALMART SC 01200 COLORADO SPRNCO","14.83","debit","Shopping","Discover","",""
"5/20/2021","Pilot Travel Center","PILOT 00621 LIMON CO","32.58","debit","Gas & Fuel","Discover","",""
"5/20/2021","Wal-Mart","WALMART SC 01200 COLORADO SPRNCO","97.91","debit","Shopping","Discover","",""
"5/20/2021","Wal-Mart","WALMART SC 01200 COLORADO SPRNCO","13.86","debit","Shopping","Discover","",""
"5/20/2021","Venmo Cashout","VENMO CASHOUT","94.62","credit","Income","Interest Checking","",""
"5/20/2021","Acorns Invest Transfer","Acorns Invest Transfer","5.00","debit","Transfer","Interest Checking","",""
"5/20/2021","Deposit","Deposit","5.00","credit","Investments","Acorns","",""
"5/19/2021","Transfer To Ally Bank","Transfer To Ally Bank","94.62","debit","Transfer","Venmo","",""
"5/18/2021","Weidner WEB PMTS","Weidner WEB PMTS","228.02","debit","Mortgage & Rent","Online Savings Account","",""
"5/17/2021","DISCOVER E-PAYMENT","DISCOVER E-PAYMENT","71.01","debit","Credit Card Payment","Online Savings Account","",""
"5/15/2021","Convenience","BATES CITY CONVENIENCE BATES CITY MO","24.18","debit","Groceries","Discover","",""
"5/15/2021","Casey's","CASEYS GREENTOWN GREENTOWN IN","31.59","debit","Groceries","Discover","",""
"5/15/2021","Directpay Full Balance","DIRECTPAY FULL BALANCE","71.01","credit","Credit Card Payment","Discover","",""
"5/15/2021","Road Trippin","Road trippin","50.00","credit","Income","Venmo","",""
"5/15/2021","Car Topper I","Car topper? I hardly know her!!","50.00","credit","Income","Venmo","",""
"5/15/2021","Subway","Subways","5.38","debit","Fast Food","Venmo","",""
"5/10/2021","Interest Paid","Interest Paid","0.02","credit","Interest Income","Interest Checking","",""
"5/10/2021","Interest Paid","Interest Paid","2.39","credit","Interest Income","Online Savings Account","",""
"5/05/2021","Liberty Mutual","LIBERTY MUTUAL PAYMENT~ Future Amount: 50.81 ~ Tran: ACHDW","50.81","debit","Home Insurance","Interest Checking","",""
"5/04/2021","Apple","APPLE.COM/BILL 866-712-7753 CAAPPLE PAY ENDING IN","5.40","debit","Electronics & Software","Discover","",""
"5/03/2021","CREW CAR WASH - 48 MUNCIE IN","CREW CAR WASH - 48 MUNCIE IN","2.00","debit","Service & Parts","Discover","",""
"5/03/2021","Culvers","CULVERS OF MUNCIE MUNCIE IN","4.63","debit","Fast Food","Discover","",""
"5/03/2021","APPLECARD GSBANK PAYMENT~ Future Amount: 5.73 ~ Tran: ACHDW","APPLECARD GSBANK PAYMENT~ Future Amount: 5.73 ~ Tran: ACHDW","5.73","debit","Credit Card Payment","Online Savings Account","",""
"5/02/2021","Get Go","GET GO # 7526 YORKTOWN IN","32.58","debit","Gas & Fuel","Discover","",""
"5/02/2021","Amazon","AMZN MKTP US*BY9471X13 AMZN.COM/BILLWA6WF8RQXUF2F","92.10","debit","Shopping","Discover","",""
"5/01/2021","IHOP","IHOP #3313 MARION IN00198R","31.55","debit","Restaurants","Discover","",""
"5/01/2021","Requested transfer from ALLY BANK Online Savings account XXX","Requested transfer from ALLY BANK Online Savings account XXX","50.81","credit","Transfer","Interest Checking","",""
"5/01/2021","Requested transfer to ALLY BANK Interest Checking account XX","Requested transfer to ALLY BANK Interest Checking account XX","50.81","debit","Transfer","Online Savings Account","",""
"4/28/2021","Apple","APPLE.COM/BILL 866-712-7753 CAAPPLE PAY ENDING IN","0.99","debit","Electronics & Software","Discover","",""
"4/27/2021","Colorado/Texas WEB PMTS","Colorado/Texas WEB PMTS","300.00","debit","Mortgage & Rent","Interest Checking","",""
"4/27/2021","Colorado/Texas WEB PMTS","Colorado/Texas WEB PMTS","15.00","debit","Mortgage & Rent","Interest Checking","",""
"4/26/2021","URBANLIGHTC 888-221-1161 CA","PAYPAL *URBANLIGHTC 888-221-1161 CA","20.00","debit","Hobbies","Discover","",""
"4/26/2021","Community Church","Urban Light Community Church, Inc.","20.00","debit","Gifts & Donations","PayPal Account","",""
"4/23/2021","Internet transfer to Interest Checking account","Internet transfer to Interest Checking account XXXXXX9870","315.00","debit","Transfer","Online Savings Account","",""
"4/23/2021","Internet transfer from Online Savings account","Internet transfer from Online Savings account XXXXXX2593","315.00","credit","Transfer","Interest Checking","",""
"4/16/2021","DISCOVER E-PAYMENT","DISCOVER E-PAYMENT","92.57","debit","Credit Card Payment","Online Savings Account","",""
"4/15/2021","Directpay Full Balance","DIRECTPAY FULL BALANCE","92.57","credit","Credit Card Payment","Discover","",""
"4/10/2021","Interest Paid","Interest Paid","0.01","credit","Interest Income","Interest Checking","",""
"4/10/2021","Interest Paid","Interest Paid","1.57","credit","Interest Income","Online Savings Account","",""
"4/07/2021","Internal Revenue Service","IRS  TREAS 310 TAXEIP3~ Future Amount: 1400 ~ Tran: DDIR","1400.00","credit","Federal Tax","Online Savings Account","",""
"4/06/2021","eCheck Deposit","eCheck Deposit","450.00","credit","Income","Online Savings Account","",""
"4/06/2021","Liberty Mutual","LIBERTY MUTUAL PAYMENT~ Future Amount: 49.8 ~ Tran: ACHDW","49.80","debit","Home Insurance","Interest Checking","",""
"4/03/2021","Apple","APPLE.COM/BILL 866-712-7753 CAAPPLE PAY ENDING IN","5.40","debit","Electronics & Software","Discover","",""
"4/02/2021","PP*EB AIRBAND 2021 402-935-7733 CA","PP*EB AIRBAND 2021 402-935-7733 CA","6.94","debit","Entertainment","Discover","",""
"4/02/2021","Eventbrite","Eventbrite","6.94","debit","Business Services","PayPal Account","",""
"4/01/2021","Requested transfer to ALLY BANK Interest Checking account XX","Requested transfer to ALLY BANK Interest Checking account XX","46.17","debit","Transfer","Online Savings Account","",""
"4/01/2021","APPLECARD GSBANK PAYMENT~ Future Amount: 134.7 ~ Tran: ACHDW","APPLECARD GSBANK PAYMENT~ Future Amount: 134.7 ~ Tran: ACHDW","134.70","debit","Credit Card Payment","Online Savings Account","",""
"4/01/2021","Requested transfer from ALLY BANK Online Savings account XXX","Requested transfer from ALLY BANK Online Savings account XXX","46.17","credit","Transfer","Interest Checking","",""
"3/28/2021","Apple","APPLE.COM/BILL 866-712-7753 CAAPPLE PAY ENDING IN","0.99","debit","Electronics & Software","Discover","",""
"3/26/2021","URBANLIGHTC 888-221-1161 CA","PAYPAL *URBANLIGHTC 888-221-1161 CA","20.00","debit","Hobbies","Discover","",""
"3/26/2021","Community Church","Urban Light Community Church, Inc.","20.00","debit","Gifts & Donations","PayPal Account","",""
"3/26/2021","Internal Revenue Service","IRS  TREAS 310 TAX REF~ Future Amount: 2364 ~ Tran: DDIR","2364.00","credit","Federal Tax","Online Savings Account","",""
"3/23/2021","DOR IT40 INTAX 001012991231990319212222","DOR IT40 INTAX 001012991231990319212222","442.00","debit","State Tax","Online Savings Account","",""
"3/22/2021","Venmo Cashout","VENMO CASHOUT","4.00","credit","Income","Interest Checking","",""
"3/20/2021","Taco Bell","TACO BELL 023140 GAS CITY IN","12.68","debit","Fast Food","Discover","",""
"3/20/2021","Goodwill Industries","GOODWILL STORE 46 MARI MARION IN","25.00","debit","Shopping","Discover","",""
"3/20/2021","Transfer To Ally Bank","Transfer To Ally Bank","4.00","debit","Transfer","Venmo","",""
"3/16/2021","Air Band","Air Band","5.00","debit","Fast Food","Venmo","",""
"3/16/2021","DISCOVER E-PAYMENT","DISCOVER E-PAYMENT","258.68","debit","Credit Card Payment","Online Savings Account","",""
"3/15/2021","Directpay Full Balance","DIRECTPAY FULL BALANCE","258.68","credit","Credit Card Payment","Discover","",""
"3/10/2021","Interest Paid","Interest Paid","1.15","credit","Interest Income","Online Savings Account","",""
"3/10/2021","Interest Paid","Interest Paid","0.01","credit","Interest Income","Interest Checking","",""
"3/07/2021","SB CHOCOLATE SB CAFE SOUTH BEND IN","SB CHOCOLATE SB CAFE SOUTH BEND IN","6.77","debit","Restaurants","Discover","",""
"3/04/2021","Wal-Mart","WALMART SC 01304 WARSAW IN","56.95","debit","Shopping","Discover","",""
"3/04/2021","Apple","APPLE.COM/BILL 866-712-7753 CAAPPLE PAY ENDING IN","5.40","debit","Electronics & Software","Discover","",""
"3/04/2021","Liberty Mutual","LIBERTY MUTUAL PAYMENT~ Future Amount: 49.8 ~ Tran: ACHDW","49.80","debit","Home Insurance","Interest Checking","",""
"3/02/2021","Apple","APPLE.COM/BILL 111-111-1111 CAAPPLE PAY ENDING IN","0.99","debit","Electronics & Software","Discover","",""
"3/01/2021","Requested transfer from ALLY BANK Online Savings account XXX","Requested transfer from ALLY BANK Online Savings account XXX","46.17","credit","Transfer","Interest Checking","",""
"3/01/2021","Requested transfer to ALLY BANK Interest Checking account XX","Requested transfer to ALLY BANK Interest Checking account XX","46.17","debit","Transfer","Online Savings Account","",""
"2/26/2021","URBANLIGHTC 888-221-1161 CA","PAYPAL *URBANLIGHTC 888-221-1161 CA","20.00","debit","Hobbies","Discover","",""
"2/26/2021","Community Church","Urban Light Community Church, Inc.","20.00","debit","Gifts & Donations","PayPal Account","",""
"2/19/2021","Dollar General","DOLLAR GENERAL #19589 UPLAND IN","2.46","debit","Shopping","Discover","",""
"2/19/2021","TAYLOR UNIVERSIT PAYROLL~ Future Amount: 24 ~ Tran: DDIR","TAYLOR UNIVERSIT PAYROLL~ Future Amount: 24 ~ Tran: DDIR","24.00","credit","Paycheck","Online Savings Account","",""
"2/17/2021","DISCOVER E-PAYMENT","DISCOVER E-PAYMENT","990.46","debit","Credit Card Payment","Online Savings Account","",""
"2/16/2021","TAYLOR UNIV PAYMENTS","TAYLOR UNIV PAYMENTS","25.00","debit","Tuition","Interest Checking","",""
"2/15/2021","Directpay Full Balance","DIRECTPAY FULL BALANCE","990.46","credit","Credit Card Payment","Discover","",""
"2/14/2021","Robert Swanson Paid","Robert Swanson Paid Zachary Winters","1.00","debit","Gift","Venmo","",""
"2/14/2021","CASA GRANDE MEXICAN GRIL GAS CITY IN","CASA GRANDE MEXICAN GRIL GAS CITY IN","26.84","debit","Restaurants","Discover","",""
"2/14/2021","Robert Swanson Paid Zachary Winters","Robert Swanson Paid Zachary Winters","1.00","debit","Restaurants","Venmo","",""
"2/12/2021","Acm, Inc.","PAYPAL *ACM INC 402-935-7733 CA","42.00","debit","Gift","Discover","",""
"2/12/2021","INSTITUTEEL 402-935-7733 CA","PAYPAL *INSTITUTEEL 402-935-7733 CA","32.00","debit","Business Services","Discover","",""
"2/12/2021","ACM, Inc.","ACM, Inc.","42.00","debit","Gift","PayPal Account","",""
"2/12/2021","The Institute of Electrical and Electronics Engineers, Inc.","The Institute of Electrical and Electronics Engineers, Inc.","32.00","debit","Utilities","PayPal Account","",""
"2/10/2021","Haircut","Haircut","10.00","debit","Hair","Venmo","",""
"2/10/2021","Interest Paid","Interest Paid","0.01","credit","Interest Income","Interest Checking","",""
"2/10/2021","Interest Paid","Interest Paid","1.54","credit","Interest Income","Online Savings Account","",""
"2/10/2021","Haircut","Haircut","10.00","debit","Hair","Venmo","",""
"2/08/2021","Venmo Cashout","VENMO CASHOUT","4.79","credit","Income","Interest Checking","",""
"2/07/2021","Osmosis Blockchain Knowledge","Osmosis of Blockchain Knowledge ","20.00","credit","Income","Venmo","",""
"2/07/2021","Osmosis Blockchain Knowledge","Osmosis of Blockchain Knowledge","20.00","credit","Income","Venmo","",""
"2/06/2021","Transfer To Ally Bank","Transfer To Ally Bank","4.79","debit","Transfer","Venmo","",""
"2/05/2021","TAYLOR UNIVERSIT PAYROLL~ Future Amount: 232.95 ~ Tran: DDIR","TAYLOR UNIVERSIT PAYROLL~ Future Amount: 232.95 ~ Tran: DDIR","232.95","credit","Paycheck","Online Savings Account","",""
"2/04/2021","Amazon","AMAZON PRIME AMZN.COM/BILLWA4PY8FVEQXD0","0.54","credit","Shopping","Discover","",""
"2/04/2021","Liberty Mutual","LIBERTY MUTUAL PAYMENT~ Future Amount: 49.8 ~ Tran: ACHDW","49.80","debit","Home Insurance","Interest Checking","",""
"2/03/2021","Google","PP*GOOGLE YOUTUBE TVOD 402-935-7733 CA","2.15","debit","Advertising","Discover","",""
"2/03/2021","Apple","APPLE.COM/BILL 866-712-7753 CAAPPLE PAY ENDING IN","5.40","debit","Electronics & Software","Discover","",""
"2/03/2021","Google","Google","2.15","debit","Advertising","PayPal Account","",""
"2/02/2021","Amazon","AMAZON.COM*8R7G184B3 AMZN.COM/BILLWA6ECWVLZHB2P","17.64","debit","Shopping","Discover","",""
"2/01/2021","Amazon","AMZN DIGITAL*FU81J3333 888-802-3080 WA6J9S3VEP1WF","17.05","debit","Shopping","Discover","",""
"2/01/2021","Amazon","AMAZON PRIME*0U19M30F3 AMZN.COM/BILLWA2SY9VJEBGRS","1.07","debit","Shopping","Discover","",""
"2/01/2021","Amazon","AMZN DIGITAL*7C9RP1P03 888-802-3080 WA4D8K8DI8MZ6","38.96","debit","Shopping","Discover","",""
"2/01/2021","Requested transfer from ALLY BANK Online Savings account XXX","Requested transfer from ALLY BANK Online Savings account XXX","46.17","credit","Transfer","Interest Checking","",""
"2/01/2021","APPLECARD GSBANK PAYMENT","APPLECARD GSBANK PAYMENT","16.73","debit","Credit Card Payment","Online Savings Account","",""
"2/01/2021","Requested transfer to ALLY BANK Interest Checking account XX","Requested transfer to ALLY BANK Interest Checking account XX","46.17","debit","Transfer","Online Savings Account","",""
"1/28/2021","Wal-Mart","Walmart kiss","5.21","debit","Shopping","Venmo","",""
"1/28/2021","Apple","APPLE.COM/BILL 866-712-7753 CAAPPLE PAY ENDING IN","0.99","debit","Electronics & Software","Discover","",""
"1/26/2021","URBANLIGHTC 888-221-1161 CA","PAYPAL *URBANLIGHTC 888-221-1161 CA","20.00","debit","Hobbies","Discover","",""
"1/26/2021","Community Church","Urban Light Community Church, Inc.","20.00","debit","Gifts & Donations","PayPal Account","",""
"1/25/2021","Wal-Mart","WALMART.COM 8009666546 BENTONVILLE AR","30.83","debit","Shopping","Discover","",""
"1/23/2021","Marathon","MARATHON PETRO255661 UPLAND IN","24.29","debit","Gas & Fuel","Discover","",""
"1/22/2021","TAYLOR UNIVERSIT PAYROLL~ Future Amount: 236.51 ~ Tran: DDIR","TAYLOR UNIVERSIT PAYROLL~ Future Amount: 236.51 ~ Tran: DDIR","236.51","credit","Paycheck","Online Savings Account","",""
"1/19/2021","DISCOVER E-PAYMENT","DISCOVER E-PAYMENT","338.86","debit","Credit Card Payment","Online Savings Account","",""
"1/15/2021","Directpay Full Balance","DIRECTPAY FULL BALANCE","338.86","credit","Credit Card Payment","Discover","",""
"1/11/2021","CREDIT FIRST NA CFNA payment","CREDIT FIRST NA CFNA PYMT","1075.33","debit","Credit Card Payment","Interest Checking","",""
"1/10/2021","Interest Paid","Interest Paid","0.02","credit","Interest Income","Interest Checking","",""
"1/10/2021","Interest Paid","Interest Paid","2.64","credit","Interest Income","Online Savings Account","",""
"1/08/2021","Internet transfer from Online Savings account","Internet transfer from Online Savings account XXXXXX2593","1075.33","credit","Transfer","Interest Checking","",""
"1/08/2021","Internet transfer to Interest Checking account","Internet transfer to Interest Checking account XXXXXX9870","1075.33","debit","Transfer","Online Savings Account","",""
"1/05/2021","TAYLOR UNIV PAYMENTS","TAYLOR UNIV PAYMENTS","1625.00","debit","Tuition","Online Savings Account","",""
"1/05/2021","Gas For Picking","Gas for picking me up!","10.00","credit","Income","Venmo","",""
"1/04/2021","APPLECARD GSBANK PAYMENT~ Future Amount: 14.3 ~ Tran: ACHDW","APPLECARD GSBANK PAYMENT~ Future Amount: 14.3 ~ Tran: ACHDW","14.30","debit","Credit Card Payment","Online Savings Account","",""
"1/04/2021","Venmo Cashout","VENMO CASHOUT","4.40","credit","Restaurants","Interest Checking","",""
"1/03/2021","FUEL EXPRESSO 23 OLATHE KS","FUEL EXPRESSO 23 OLATHE KS","15.85","debit","Gas & Fuel","Discover","",""
"1/03/2021","Mach 1","MACH 1 10 CASEY IL","23.31","debit","Home","Discover","",""
"1/03/2021","Apple","APPLE.COM/BILL 866-712-7753 CAAPPLE PAY ENDING IN","5.40","debit","Electronics & Software","Discover","",""
"1/02/2021","Transfer To Ally Bank","Transfer To Ally Bank","4.40","debit","Transfer","Venmo","",""
"1/01/2021","Requested transfer from ALLY BANK Online Savings account XXX","Requested transfer from ALLY BANK Online Savings account XXX","46.17","credit","Transfer","Interest Checking","",""
"1/01/2021","Requested transfer to ALLY BANK Interest Checking account XX","Requested transfer to ALLY BANK Interest Checking account XX","46.17","debit","Transfer","Online Savings Account","",""
"12/30/2020","Tonkawa Trading Post, Inc.","TONKAWA TRADING POST TONKAWA OK","20.85","debit","Gas & Fuel","Discover","",""
"12/29/2020","Apple","APPLE.COM/BILL 866-712-7753 CAAPPLE PAY ENDING IN","0.99","debit","Electronics & Software","Discover","",""
"12/29/2020","Mineola Eye Care Center","MINEOLA EYECARE MINEOLA TX","646.00","debit","Eyecare","Discover","",""
"12/28/2020","Wal-Mart","Walmart","4.60","debit","Shopping","Venmo","",""
"12/28/2020","eCheck Deposit","eCheck Deposit","50.00","credit","Income","Interest Checking","",""
"12/27/2020","Wal-Mart","WALMART SC 03764 LINDALE TX","77.22","debit","Shopping","Discover","",""
"12/27/2020","Wal-Mart","WALMART.COM 8009666546 BENTONVILLE AR","7.71","debit","Shopping","Discover","",""
"12/27/2020","Apple","APPLE.COM/BILL 866-712-7753 CAAPPLE PAY ENDING IN","3.24","debit","Electronics & Software","Discover","",""
"12/26/2020","JCPRINTSHOP EBA 402-935-7733 CA","PAYPAL *JCPRINTSHOP EBA 402-935-7733 CA","12.77","debit","Clothing","Discover","",""
"12/26/2020","URBAN LIGHT COM 888-221-1161 CA","PAYPAL *URBAN LIGHT COM 888-221-1161 CA","20.00","debit","Utilities","Discover","",""
"12/26/2020","Goodwill Industries","PAYPAL *GOODWILLCFL EBA 402-935-7733 CA","5.10","debit","Shopping","Discover","",""
"12/26/2020","Community Church","Urban Light Community Church, Inc.","20.00","debit","Gifts & Donations","PayPal Account","",""
"12/24/2020","Amazon","AMZN DIGITAL 888-802-3080 WANV7CL42XGGE","14.46","credit","Shopping","Discover","",""
"12/24/2020","Amazon","AMZN DIGITAL*LY6X409E3 888-802-3080 WA5RJZPS4NEQJ","14.46","debit","Shopping","Discover","",""
"12/23/2020","GOV-PAY FEE (VAN ZANDT) SAN ANTONIO TX","GOV-PAY FEE (VAN ZANDT) SAN ANTONIO TX","3.12","debit","Service Fee","Discover","",""
"12/23/2020","Goodwill Industries","PAYPAL *GOODWILLRS EBAY 402-935-7733 CA","16.46","debit","Shopping","Discover","",""
"12/23/2020","Goodwill Industries","PAYPAL *GOODWILLIND EBA 402-935-7733 CA","7.69","debit","Shopping","Discover","",""
"12/23/2020","VAN ZANDT TAC CANTON TX","VAN ZANDT TAC CANTON TX","124.75","debit","Restaurants","Discover","",""
"12/21/2020","Liberty Mutual","LIBERTY MUTUAL INSRNC PMT","45.16","debit","Auto Insurance","Interest Checking","",""
"12/19/2020","Bubbles","Bubbles","9.00","credit","Income","Venmo","",""
"12/19/2020","Amazon","AMZN MKTP US*L54V68G63 AMZN.COM/BILLWA2MM3YELFO7J","132.02","debit","Shopping","Discover","",""
"12/17/2020","LinkedIn","PAYPAL *LINKEDIN 402-935-7733 CA","27.05","debit","Business Services","Discover","",""
"12/17/2020","LinkedIn","LinkedIn Corporation","27.05","debit","Business Services","PayPal Account","",""
"12/16/2020","Amazon","AMZN MKTP US*CW4PK1P83 AMZN.COM/BILLWA3F9QZA09QEP","5.40","debit","Shopping","Discover","",""
"12/16/2020","DISCOVER E-PAYMENT","DISCOVER E-PAYMENT","253.26","debit","Credit Card Payment","Online Savings Account","",""
"12/15/2020","Shell","SHELL 57541531505 TERRELL TX","33.78","debit","Gas & Fuel","Discover","",""
"12/15/2020","DFW AIRPORT PARKING DFW AIRPORT TX01521R","DFW AIRPORT PARKING DFW AIRPORT TX01521R","2.00","debit","Parking","Discover","",""
"12/15/2020","Directpay Full Balance","DIRECTPAY FULL BALANCE","253.26","credit","Credit Card Payment","Discover","",""
"12/15/2020","Amazon","AMZN MKTP US*MH4OP4J73 AMZN.COM/BILLWAZPR78T1OHG0","13.79","debit","Shopping","Discover","",""
"12/15/2020"," INST XFER","PAYPAL INST XFER","1500.00","debit","Transfer","Interest Checking","",""
"12/14/2020","Internet transfer from Online Savings account","Internet transfer from Online Savings account XXXXXX2593","1500.00","credit","Transfer","Interest Checking","",""
"12/14/2020","eCheck Deposit","eCheck Deposit","21.00","credit","Income","Interest Checking","",""
"12/14/2020","Internet transfer to Interest Checking account","Internet transfer to Interest Checking account XXXXXX9870","1500.00","debit","Transfer","Online Savings Account","",""
"12/14/2020","Chad Bowers","Chad Bowers","1500.00","debit","Mortgage & Rent","PayPal Account","",""
"12/13/2020","Wal-Mart","WALMART SC 00827 CANTON TX","44.68","debit","Shopping","Discover","",""
"12/13/2020","Venmo","VENMO 8558124430 NY US","10.28","debit","Transfer","Interest Checking","",""
"12/12/2020","Taco Salad","Taco Salad","10.28","debit","Restaurants","Venmo","",""
"12/10/2020","Interest Paid","Interest Paid","4.05","credit","Interest Income","Online Savings Account","",""
"12/10/2020","Interest Paid","Interest Paid","0.01","credit","Interest Income","Interest Checking","",""
"12/06/2020","Panda Express","PANDA EXPRESS #1775 CARMEL INAPPLE PAY ENDING IN 5","11.00","debit","Fast Food","Discover","",""
"12/04/2020","Apple","APPLE.COM/BILL 866-712-7753 CAAPPLE PAY ENDING IN","5.40","debit","Electronics & Software","Discover","",""
"12/03/2020","American Airlines","AMERICANAIR0012148384986 800-428-4322 TX","38.40","debit","Air Travel","Discover","",""
"12/03/2020","Burger King","BURGER KING #3722 SOUTH BEND IN","5.34","debit","Fast Food","Discover","",""
"11/26/2020","Amazon","AMAZON PRIME AMZN.COM/BILLWA693W6C8M0II","7.03","credit","Shopping","Discover","",""
"11/26/2020","URBAN LIGHT COM 402-935-7733 CA","PAYPAL *URBAN LIGHT COM 402-935-7733 CA","20.00","debit","Utilities","Discover","",""
"11/26/2020","Community Church","Urban Light Community Church, Inc.","20.00","debit","Gifts & Donations","PayPal Account","",""
"11/21/2020","Amazon","AMAZON PRIME*BB64Z65H3 AMZN.COM/BILLWAM5DN68P99TO","7.03","debit","Shopping","Discover","",""
"11/16/2020","Gerig Thanksgiving","Gerig Thanksgiving","3.00","debit","Fast Food","Venmo","",""
"11/16/2020","DISCOVER E-PAYMENT","DISCOVER E-PAYMENT","68.81","debit","Credit Card Payment","Online Savings Account","",""
"11/16/2020","Venmo","VENMO 8558124430 NY US","3.00","debit","Transfer","Interest Checking","",""
"11/15/2020","Directpay Full Balance","DIRECTPAY FULL BALANCE","68.81","credit","Credit Card Payment","Discover","",""
"11/14/2020","Venmo","VENMO 8558124430 NY US","3.00","debit","Transfer","Interest Checking","",""
"11/13/2020","Add and Becky Christmas one","Add and Becky Christmas one","3.00","debit","Fast Food","Venmo","",""
"11/13/2020","Baker Street Steakhouse","BAKER STREET STEAKHOUSE FORT WAYNE IN","96.25","debit","Restaurants","Discover","",""
"11/12/2020","The little prince tickets","The little prince tickets","14.00","debit","Entertainment","Venmo","",""
"11/12/2020","Venmo","VENMO 8558124430 NY US","14.00","debit","Transfer","Interest Checking","",""
"11/10/2020","Interest Paid","Interest Paid","0.01","credit","Interest Income","Interest Checking","",""
"11/10/2020","Interest Paid","Interest Paid","4.25","credit","Interest Income","Online Savings Account","",""
"11/08/2020","Venmo","VENMO 8558124430 NY US","7.00","debit","Transfer","Interest Checking","",""
"11/07/2020","Shirt","Shirt","7.00","debit","Clothing","Venmo","",""
"11/06/2020","PP*EB MOSAIC NIGHT 888-221-1161 CA","PP*EB MOSAIC NIGHT 888-221-1161 CA","6.94","debit","Entertainment","Discover","",""
"11/06/2020","Eventbrite","Eventbrite","6.94","debit","Business Services","PayPal Account","",""
"11/02/2020","APPLECARD GSBANK PAYMENT","APPLECARD GSBANK PAYMENT","39.62","debit","Credit Card Payment","Online Savings Account","",""
"10/26/2020","URBANLIGHTC 888-221-1161 CA","PAYPAL *URBANLIGHTC 888-221-1161 CA","20.00","debit","Hobbies","Discover","",""
"10/26/2020","Community Church","Urban Light Community Church, Inc.","20.00","debit","Gifts & Donations","PayPal Account","",""
"10/22/2020","PP*EB MYGEN SHOW 2 402-935-7733 CA","PP*EB MYGEN SHOW 2 402-935-7733 CA","5.87","debit","Entertainment","Discover","",""
"10/22/2020","American Airlines","AMERICAN AIRLINES FT WORTH TX","124.20","debit","Air Travel","Discover","",""
"10/22/2020","Eventbrite","Eventbrite","5.87","debit","Business Services","PayPal Account","",""
"10/22/2020","Venmo","VENMO 8558124430 NY US","15.00","debit","Transfer","Interest Checking","",""
"10/22/2020","Hunger games book at eight","Hunger games book at eight","15.00","debit","Shopping","Venmo","",""
"10/16/2020","DISCOVER E-PAYMENT","DISCOVER E-PAYMENT","279.11","debit","Credit Card Payment","Online Savings Account","",""
"10/16/2020","Venmo","VENMO 8558124430 NY US","1.50","debit","Transfer","Interest Checking","",""
"10/15/2020","gib moni","gib moni","1.50","debit","Restaurants","Venmo","",""
"10/15/2020","Directpay Full Balance","DIRECTPAY FULL BALANCE","279.11","credit","Credit Card Payment","Discover","",""
"10/13/2020","Venmo Cashout","VENMO CASHOUT","11.00","credit","Income","Interest Checking","",""
"10/13/2020","Amazon","AMZN MKTP US*MK2LC7KK0 AMZN.COM/BILLWA1LHR7Q8Q3OV","47.74","debit","Shopping","Discover","",""
"10/13/2020","Amazon","AMAZON PRIME*MK82I3S12 AMZN.COM/BILLWA4AVWNGY7ZO1","1.07","debit","Shopping","Discover","",""
"10/10/2020","Transfer To Ally Bank","Transfer To Ally Bank","11.00","debit","Transfer","Venmo","",""
"10/10/2020","Interest Paid","Interest Paid","0.01","credit","Interest Income","Interest Checking","",""
"10/10/2020","Interest Paid","Interest Paid","4.47","credit","Interest Income","Online Savings Account","",""
"10/09/2020","Camping Necessities","Camping necessities","2.00","credit","Income","Venmo","",""
"10/08/2020","Rachel Teal Paid","Rachel Teal Paid Robert Swanson","2.00","credit","Income","Venmo","",""
"10/08/2020","Food","Food!!!","2.00","credit","Income","Venmo","",""
"10/08/2020","Abby Wilson Paid","Abby Wilson Paid Robert Swanson","3.00","credit","Income","Venmo","",""
"10/08/2020","Elizabeth Yeiter Paid","Elizabeth Yeiter Paid Robert Swanson","2.00","credit","Income","Venmo","",""
"10/05/2020","Venmo Cashout","VENMO CASHOUT","3.00","credit","Income","Interest Checking","",""
"10/05/2020","eCheck Deposit","eCheck Deposit","1016.75","credit","Income","Online Savings Account","",""
"10/03/2020","Transfer To Ally Bank","Transfer To Ally Bank","3.00","debit","Transfer","Venmo","",""
"10/01/2020","Stickers","Stickers","7.00","debit","Restaurants","Venmo","",""
"9/27/2020","Tenant","Tenant","10.00","debit","Restaurants","Venmo","",""
"9/26/2020","URBANLIGHTC 402-935-7733 CA","PAYPAL *URBANLIGHTC 402-935-7733 CA","20.00","debit","Gift","Discover","",""
"9/26/2020","Community Church","Urban Light Community Church, Inc.","20.00","debit","Gifts & Donations","PayPal Account","",""
"9/16/2020","DISCOVER E-PAYMENT","DISCOVER E-PAYMENT","525.74","debit","Credit Card Payment","Online Savings Account","",""
"9/15/2020","Directpay Full Balance","DIRECTPAY FULL BALANCE","525.74","credit","Credit Card Payment","Discover","",""
"9/14/2020","Ultimate Frisbee Dues","Ultimate Frisbee Dues","25.00","debit","Alcohol & Bars","Venmo","",""
"9/12/2020","Taylor University, Inc.","SQ *TAYLOR UNIVERSITY UPLAND IN0002305843013211336","10.00","debit","Tuition","Discover","",""
"9/10/2020","CCSC 888-221-1161 CA","PAYPAL *CCSC 888-221-1161 CA","20.00","debit","Hobbies","Discover","",""
"9/10/2020","Interest Paid","Interest Paid","0.01","credit","Interest Income","Interest Checking","",""
"9/10/2020","Interest Paid","Interest Paid","5.29","credit","Interest Income","Online Savings Account","",""
"9/10/2020","Consortium for Computing Sciences in Colleges","Consortium for Computing Sciences in Colleges","20.00","debit","Tuition","PayPal Account","",""
"9/04/2020","TAYLOR UNIVERSIT PAYROLL~ Future Amount: 115.33 ~ Tran: DDIR","TAYLOR UNIVERSIT PAYROLL~ Future Amount: 115.33 ~ Tran: DDIR","115.33","credit","Paycheck","Online Savings Account","",""
"8/30/2020","Wal-Mart","WAL-MART SC - #1294 MARION IN","35.32","debit","Shopping","Discover","",""
"8/25/2020","Fridge","Fridge","45.00","credit","Income","Venmo","",""
"8/24/2020","Venmo","VENMO 8558124430 NY US","6.00","debit","Transfer","Interest Checking","",""
"8/24/2020","Venmo","VENMO 8558124430 NY US","5.00","debit","Transfer","Interest Checking","",""
"8/23/2020","MPC 888-221-1161 CA","PAYPAL *MPC 888-221-1161 CA","86.68","debit","Hobbies","Discover","",""
"8/23/2020","Q P PRINTING LTD","Q P PRINTING LTD","86.68","debit","Printing","PayPal Account","",""
"8/23/2020","Church-going juice","Church-going juice","6.00","debit","Fast Food","Venmo","",""
"8/22/2020","Wal-Mart","WAL-MART SC - #1294 MARION IN","127.11","debit","Shopping","Discover","",""
"8/22/2020","Pizza","Pizza","5.00","debit","Restaurants","Venmo","",""
"8/21/2020","TAYLOR UNIVERSIT PAYROLL~ Future Amount: 1423.38 ~ Tran: DDI","TAYLOR UNIVERSIT PAYROLL~ Future Amount: 1423.38 ~ Tran: DDI","1423.38","credit","Paycheck","Online Savings Account","",""
"8/18/2020","Amazon","AMZN MKTP US*MM7DY4M01 AMZN.COM/BILLWA719VM4QUXSY","122.97","debit","Shopping","Discover","",""
"8/18/2020","TAYLOR UNIV PAYMENTS","TAYLOR UNIV PAYMENTS","288.00","debit","Tuition","Online Savings Account","",""
"8/18/2020","Venmo","VENMO 8558124430 NY US","20.00","debit","Transfer","Interest Checking","",""
"8/17/2020","FOSO Fathers","FOSO Fathers","20.00","debit","Alcohol & Bars","Venmo","",""
"8/17/2020","DISCOVER E-PAYMENT","DISCOVER E-PAYMENT","98.10","debit","Credit Card Payment","Online Savings Account","",""
"8/17/2020","Venmo Cashout","VENMO CASHOUT","8.90","credit","Transfer","Interest Checking","",""
"8/16/2020","Amazon","AMZN MKTP US*MM63L0131 AMZN.COM/BILLWA2BFIAXSZQSO","17.80","debit","Shopping","Discover","",""
"8/16/2020","Transfer To Ally Bank","Transfer To Ally Bank","8.90","debit","Transfer","Venmo","",""
"8/16/2020","Textbook","Textbook","8.90","credit","Income","Venmo","",""
"8/15/2020","Directpay Full Balance","DIRECTPAY FULL BALANCE","98.10","credit","Credit Card Payment","Discover","",""
"8/10/2020","Interest Paid","Interest Paid","0.01","credit","Interest Income","Interest Checking","",""
"8/10/2020","Interest Paid","Interest Paid","4.95","credit","Interest Income","Online Savings Account","",""
"8/10/2020","Venmo","VENMO 8558124430 NY US","3.75","debit","Transfer","Interest Checking","",""
"8/10/2020","Venmo","VENMO 8558124430 NY US","10.00","debit","Transfer","Interest Checking","",""
"8/09/2020","Subway","Subway","3.75","debit","Fast Food","Venmo","",""
"8/08/2020","Bike inner tubes","Bike inner tubes","10.00","debit","Entertainment","Venmo","",""
"8/07/2020","TAYLOR UNIVERSIT PAYROLL~ Future Amount: 650.24 ~ Tran: DDIR","TAYLOR UNIVERSIT PAYROLL~ Future Amount: 650.24 ~ Tran: DDIR","650.24","credit","Paycheck","Online Savings Account","",""
"8/04/2020","Venmo Cashout","VENMO CASHOUT","70.00","credit","Income","Interest Checking","",""
"8/03/2020","Transfer To Ally Bank","Transfer To Ally Bank","70.00","debit","Transfer","Venmo","",""
"8/03/2020","APPLECARD GSBANK PAYMENT~ Future Amount: 16.53 ~ Tran: ACHDW","APPLECARD GSBANK PAYMENT~ Future Amount: 16.53 ~ Tran: ACHDW","16.53","debit","Credit Card Payment","Online Savings Account","",""
"8/02/2020","Hope You Get","Hope you get that rash figured out","35.00","credit","Income","Venmo","",""
"8/02/2020","Fd","Fd","35.00","credit","Income","Venmo","",""
"8/01/2020","Wal-Mart","WAL-MART SC - #1294 MARION IN","8.08","debit","Shopping","Discover","",""
"8/01/2020","Wal-Mart","WAL-MART SC - #1294 MARION IN","136.09","debit","Shopping","Discover","",""
"7/27/2020","Venmo","VENMO 8558124430 NY US","2.00","debit","Transfer","Interest Checking","",""
"7/26/2020","Call verse","Call verse","2.00","debit","Internet","Venmo","",""
"7/25/2020","Amazon","AMZN MKTP US*MV6ZB1HY2 AMZN.COM/BILLWA58BZ6RITQ2D","5.62","debit","Shopping","Discover","",""
"7/25/2020","Amazon","AMZN MKTP US*MV7FT7582 AMZN.COM/BILLWA113G5AWT975","21.27","debit","Shopping","Discover","",""
"7/24/2020","TAYLOR UNIVERSIT PAYROLL~ Future Amount: 1409.5 ~ Tran: DDIR","TAYLOR UNIVERSIT PAYROLL~ Future Amount: 1409.5 ~ Tran: DDIR","1409.50","credit","Paycheck","Online Savings Account","",""
"7/23/2020","Jason's Deli","JASON'S DELI TYL 012 TYLER TX","8.65","debit","Fast Food","Discover","",""
"7/23/2020","Papacitas Mexican Restaurant","PAPACITAS MEXICAN RESTAU TYLER TX","17.21","debit","Restaurants","Discover","",""
"7/23/2020","JCPenney","JCPENNEY 0996 TYLER TX","70.35","debit","Clothing","Discover","",""
"7/23/2020","Venmo","VENMO 8558124430 NY US","25.00","debit","Transfer","Interest Checking","",""
"7/23/2020","Daniels wedding gift","Daniels wedding gift","25.00","debit","Gift","Venmo","",""
"7/22/2020","STEVENPETZN EBA 402-935-7733 CA","PAYPAL *STEVENPETZN EBA 402-935-7733 CA","117.70","debit","Electronics & Software","Discover","",""
"7/21/2020","Venmo","VENMO 8558124430 NY US","7.50","debit","Transfer","Interest Checking","",""
"7/20/2020","Ivanhoes","Ivanhoes","7.50","debit","Restaurants","Venmo","",""
"7/19/2020","Venmo","VENMO 8558124430 NY US","14.50","debit","Transfer","Interest Checking","",""
"7/18/2020","Wal-Mart","Walmart","14.50","debit","Shopping","Venmo","",""
"7/16/2020","DISCOVER E-PAYMENT","DISCOVER E-PAYMENT","316.43","debit","Credit Card Payment","Online Savings Account","",""
"7/15/2020","Directpay Full Balance","DIRECTPAY FULL BALANCE","316.43","credit","Credit Card Payment","Discover","",""
"7/15/2020","Venmo Cashout","VENMO CASHOUT","2.00","credit","Transfer","Interest Checking","",""
"7/14/2020","Transfer To Ally Bank","Transfer To Ally Bank","2.00","debit","Transfer","Venmo","",""
"7/13/2020","Venmo","VENMO 8558124430 NY US","10.00","debit","Transfer","Interest Checking","",""
"7/12/2020","Venmo","VENMO 8558124430 NY US","5.00","debit","Transfer","Interest Checking","",""
"7/11/2020","Boating!","Boating!","10.00","debit","Amusement","Venmo","",""
"7/11/2020","Ice Cream!","Ice Cream!","5.00","debit","Fast Food","Venmo","",""
"7/10/2020","TAYLOR UNIVERSIT PAYROLL~ Future Amount: 1423.38 ~ Tran: DDI","TAYLOR UNIVERSIT PAYROLL~ Future Amount: 1423.38 ~ Tran: DDI","1423.38","credit","Paycheck","Online Savings Account","",""
"7/10/2020","Interest Paid","Interest Paid","2.80","credit","Interest Income","Online Savings Account","",""
"7/10/2020","Interest Paid","Interest Paid","0.01","credit","Interest Income","Interest Checking","",""
"7/07/2020","Spiiiiiiiicy","Spiiiiiiiicy","5.00","debit","Restaurants","Venmo","",""
"7/07/2020"," INST XFER~ Future Amount: 36 ~ Tran: ACHDW","PAYPAL INST XFER~ Future Amount: 36 ~ Tran: ACHDW","36.00","debit","Transfer","Interest Checking","",""
"7/07/2020","Venmo","VENMO 8558124430 NY US","5.00","debit","Transfer","Interest Checking","",""
"7/05/2020","Timothy's","Timothy Swanson","36.00","debit","Coffee Shops","PayPal Account","",""
"7/01/2020","APPLECARD GSBANK PAYMENT~ Future Amount: 93.06 ~ Tran: ACHDW","APPLECARD GSBANK PAYMENT~ Future Amount: 93.06 ~ Tran: ACHDW","93.06","debit","Credit Card Payment","Online Savings Account","",""
"6/28/2020","Thank You For","Thank you for satisfying Liz & Is Post Nap munchies","2.00","credit","Income","Venmo","",""
"6/26/2020","TAYLOR UNIVERSIT PAYROLL~ Future Amount: 1395.62 ~ Tran: DDI","TAYLOR UNIVERSIT PAYROLL~ Future Amount: 1395.62 ~ Tran: DDI","1395.62","credit","Paycheck","Online Savings Account","",""
"6/24/2020","eCheck Deposit","eCheck Deposit","300.00","credit","Income","Online Savings Account","",""
"6/23/2020","American Airlines","AMERICAN AIRLINES FT WORTH TX","98.10","debit","Air Travel","Discover","",""
"6/22/2020"," INST XFER","PAYPAL INST XFER","50.00","debit","Transfer","Interest Checking","",""
"6/21/2020","Internet transfer to Interest Checking account","Internet transfer to Interest Checking account XXXXXX9870","200.00","debit","Transfer","Online Savings Account","",""
"6/21/2020","Internet transfer from Online Savings account","Internet transfer from Online Savings account XXXXXX2593","200.00","credit","Transfer","Interest Checking","",""
"6/21/2020","Timothy's","Timothy Swanson","50.00","debit","Coffee Shops","PayPal Account","",""
"6/16/2020","DISCOVER E-PAYMENT","DISCOVER E-PAYMENT","167.04","debit","Credit Card Payment","Online Savings Account","",""
"6/15/2020","Directpay Full Balance","DIRECTPAY FULL BALANCE","167.04","credit","Credit Card Payment","Discover","",""
"6/12/2020","TAYLOR UNIVERSIT PAYROLL~ Future Amount: 903.75 ~ Tran: DDIR","TAYLOR UNIVERSIT PAYROLL~ Future Amount: 903.75 ~ Tran: DDIR","903.75","credit","Paycheck","Online Savings Account","",""
"6/10/2020","Interest Paid","Interest Paid","0.01","credit","Interest Income","Interest Checking","",""
"6/10/2020","Interest Paid","Interest Paid","2.90","credit","Interest Income","Online Savings Account","",""
"6/09/2020"," INST XFER~ Future Amount: 45 ~ Tran: ACHDW","PAYPAL INST XFER~ Future Amount: 45 ~ Tran: ACHDW","45.00","debit","Transfer","Interest Checking","",""
"6/07/2020","Wal-Mart","WAL-MART SC - #1294 MARION IN","23.31","debit","Groceries","Discover","",""
"6/07/2020","Taco Bell","TACO BELL 023140 GAS CITY IN","7.48","debit","Fast Food","Discover","",""
"6/07/2020","Timothy's","Timothy Swanson","45.00","debit","Coffee Shops","PayPal Account","",""
"6/06/2020","Goodwill Industries","GOODWILL STORE 46 MARI MARION IN","21.00","debit","Shopping","Discover","",""
"6/06/2020","Wal-Mart","WAL-MART SC - #1294 MARION IN","26.62","debit","Shopping","Discover","",""
"6/03/2020","TAYLOR UNIV PAYMENTS","TAYLOR UNIV PAYMENTS","100.00","debit","Tuition","Interest Checking","",""
"6/03/2020","TAYLOR UNIV PAYMENTS","TAYLOR UNIV PAYMENTS","480.00","debit","Tuition","Online Savings Account","",""
"6/02/2020"," TRANSFER","PAYPAL TRANSFER","47.53","credit","Transfer","Interest Checking","",""
"6/01/2020","ALLY BANK","ALLY BANK","47.53","debit","Transfer","PayPal Account","",""
"6/01/2020","APPLECARD GSBANK PAYMENT","APPLECARD GSBANK PAYMENT","1044.38","debit","Credit Card Payment","Online Savings Account","",""
"5/30/2020","Timothy Swanson","Timothy Swanson","47.53","credit","Income","PayPal Account","",""
"5/24/2020","Goodwill Industries","GOODWILL STORE 46 MARI MARION IN","23.00","debit","Shopping","Discover","",""
"5/24/2020","Wal-Mart","WAL-MART SC - #1294 MARION IN","114.15","debit","Shopping","Discover","",""
"5/24/2020","Wal-Mart","WAL-MART SC - #1294 MARION IN","51.40","debit","Shopping","Discover","",""
"5/23/2020","American Airlines","AMERICANAIR0010286168877 DALLAS TX","30.00","debit","Air Travel","Discover","",""
"5/22/2020","TST* POSADOS CAFE - MERC TYLER TX","TST* POSADOS CAFE - MERC TYLER TX","19.47","debit","Restaurants","Discover","",""
"5/18/2020","DISCOVER E-PAYMENT","DISCOVER E-PAYMENT","231.64","debit","Credit Card Payment","Online Savings Account","",""
"5/15/2020","American Airlines","AMERICAN AIRLINES FT WORTH TX","148.10","debit","Air Travel","Discover","",""
"5/15/2020","Directpay Full Balance","DIRECTPAY FULL BALANCE","231.64","credit","Credit Card Payment","Discover","",""
"5/15/2020","TAYLOR UNIVERSIT PAYROLL~ Future Amount: 36.4 ~ Tran: DDIR","TAYLOR UNIVERSIT PAYROLL~ Future Amount: 36.4 ~ Tran: DDIR","36.40","credit","Paycheck","Online Savings Account","",""
"5/15/2020","eCheck Deposit","eCheck Deposit","300.00","credit","Income","Online Savings Account","",""
"5/10/2020","Interest Paid","Interest Paid","3.77","credit","Interest Income","Online Savings Account","",""
"5/10/2020","Interest Paid","Interest Paid","0.01","credit","Interest Income","Interest Checking","",""
"5/10/2020","Good Grades Reward","GOOD GRADES REWARD","20.00","credit","Credit Card Payment","Discover","",""
"5/01/2020","APPLECARD GSBANK PAYMENT~ Future Amount: 63.94 ~ Tran: ACHDW","APPLECARD GSBANK PAYMENT~ Future Amount: 63.94 ~ Tran: ACHDW","63.94","debit","Credit Card Payment","Online Savings Account","",""
"5/01/2020","TAYLOR UNIVERSIT PAYROLL~ Future Amount: 36.4 ~ Tran: DDIR","TAYLOR UNIVERSIT PAYROLL~ Future Amount: 36.4 ~ Tran: DDIR","36.40","credit","Paycheck","Online Savings Account","",""
"5/01/2020","Amazon","AMZN MKTP US*TE0WC1GD3 AMZN.COM/BILLWA66BH23PPT4E","38.94","debit","Shopping","Discover","",""
"4/20/2020","Venmo","VENMO 8558124430 NY US","8.00","debit","Transfer","Interest Checking","",""
"4/17/2020","TAYLOR UNIVERSIT PAYROLL~ Future Amount: 83.78 ~ Tran: DDIR","TAYLOR UNIVERSIT PAYROLL~ Future Amount: 83.78 ~ Tran: DDIR","83.78","credit","Paycheck","Online Savings Account","",""
"4/16/2020","DISCOVER E-PAYMENT","DISCOVER E-PAYMENT","31.91","debit","Credit Card Payment","Online Savings Account","",""
"4/15/2020","Directpay Full Balance","DIRECTPAY FULL BALANCE","31.91","credit","Credit Card Payment","Discover","",""
"4/14/2020","Amazon","AMAZON.COM*OE76B0VO3 AMZN.COM/BILLWA3SGUO785UVM","140.71","debit","Shopping","Discover","",""
"4/10/2020","Interest Paid","Interest Paid","1.86","credit","Interest Income","Online Savings Account","",""
"4/10/2020","Interest Paid","Interest Paid","0.02","credit","Interest Income","Interest Checking","",""
"4/07/2020","Taylor Univ Payments","TAYLOR UNIV PAYMENTS","1900.00","credit","Income","Online Savings Account","",""
"4/02/2020","Amazon","AMZN DIGITAL*WH7YW4DO3 888-802-3080 WA7CUQZWZ3PHA","9.37","debit","Shopping","Discover","",""
"4/01/2020","APPLECARD GSBANK PAYMENT~ Future Amount: 80.99 ~ Tran: ACHDW","APPLECARD GSBANK PAYMENT~ Future Amount: 80.99 ~ Tran: ACHDW","80.99","debit","Credit Card Payment","Online Savings Account","",""
"3/30/2020","TAYLOR UNIV PAYMENTS","TAYLOR UNIV PAYMENTS","33.88","debit","Tuition","Interest Checking","",""
"3/25/2020","Venmo","VENMO 8558124430 NY US","5.00","debit","Transfer","Interest Checking","",""
"3/24/2020","American Airlines","AMERICANAIR0010285746081 DALLAS TX","30.00","debit","Air Travel","Discover","",""
"3/24/2020","Pilot Travel Center","PILOT 00437 WILLIAMSBURG KY","17.16","debit","Gas & Fuel","Discover","",""
"3/20/2020","American Airlines","American Airlines","34.40","debit","Air Travel","PayPal Account","",""
"3/20/2020","American Airlines","PP*AMERICANAIR 402-935-7733 CA","34.40","debit","Air Travel","Discover","",""
"3/20/2020","TAYLOR UNIVERSIT PAYROLL~ Future Amount: 38.67 ~ Tran: DDIR","TAYLOR UNIVERSIT PAYROLL~ Future Amount: 38.67 ~ Tran: DDIR","38.67","credit","Paycheck","Online Savings Account","",""
"3/18/2020","Fresh Market","NEEDLERS FRESH MARKET ELWOOD IN","31.91","debit","Groceries","Discover","",""
"3/16/2020","DISCOVER E-PAYMENT","DISCOVER E-PAYMENT","203.62","debit","Credit Card Payment","Online Savings Account","",""
"3/15/2020","Directpay Full Balance","DIRECTPAY FULL BALANCE","203.62","credit","Credit Card Payment","Discover","",""
"3/10/2020","Interest Paid","Interest Paid","1.74","credit","Interest Income","Online Savings Account","",""
"3/10/2020","Interest Paid","Interest Paid","0.02","credit","Interest Income","Interest Checking","",""
"3/08/2020","Venmo","VENMO 8558124430 NY US","10.00","debit","Transfer","Interest Checking","",""
"3/06/2020","TAYLOR UNIVERSIT PAYROLL~ Future Amount: 36.4 ~ Tran: DDIR","TAYLOR UNIVERSIT PAYROLL~ Future Amount: 36.4 ~ Tran: DDIR","36.40","credit","Paycheck","Online Savings Account","",""
"3/04/2020","Venmo","VENMO 8558124430 NY US","7.00","debit","Transfer","Interest Checking","",""
"3/02/2020","APPLECARD GSBANK PAYMENT","APPLECARD GSBANK PAYMENT","8.04","debit","Credit Card Payment","Online Savings Account","",""
"2/21/2020","TAYLOR UNIVERSIT PAYROLL~ Future Amount: 36.4 ~ Tran: DDIR","TAYLOR UNIVERSIT PAYROLL~ Future Amount: 36.4 ~ Tran: DDIR","36.40","credit","Paycheck","Online Savings Account","",""
"2/18/2020","DISCOVER E-PAYMENT","DISCOVER E-PAYMENT","116.94","debit","Credit Card Payment","Online Savings Account","",""
"2/15/2020","Directpay Full Balance","DIRECTPAY FULL BALANCE","116.94","credit","Credit Card Payment","Discover","",""
"2/13/2020","Amazon","AMZN DIGITAL*1Z5203JL3 888-802-3080 WA6SC2K9AM471","5.19","debit","Shopping","Discover","",""
"2/10/2020","Interest Paid","Interest Paid","0.01","credit","Interest Income","Interest Checking","",""
"2/10/2020","Interest Paid","Interest Paid","2.00","credit","Interest Income","Online Savings Account","",""
"2/10/2020","Internal Revenue Service","IRS  TREAS 310 TAX REF~ Future Amount: 203 ~ Tran: DDIR","203.00","credit","Federal Tax","Interest Checking","",""
"2/05/2020","Amazon","AMZN MKTP US*LI5869E83 AMZN.COM/BILLWAKJN2S93B9JK","21.34","debit","Shopping","Discover","",""
"2/04/2020","Amazon","AMZN DIGITAL*4K5N64SO3 888-802-3080 WA4YRMOQNOQFK","17.31","debit","Shopping","Discover","",""
"2/04/2020","DOR 40ES INTAX 001212991231990131201709","DOR 40ES INTAX 001212991231990131201709","150.00","debit","State Tax","Interest Checking","",""
"2/03/2020","iTunes","Payment to iTunes and App Store","1.75","debit","Music","PayPal Account","",""
"2/03/2020","Amazon","AMZN DIGITAL*FI8UP7553 888-802-3080 WA49E7OBEWZCK","10.81","debit","Shopping","Discover","",""
"2/03/2020","Amazon","AMZN DIGITAL*J01ZX8ME3 888-802-3080 WA29BH4ET3UFW","42.42","debit","Shopping","Discover","",""
"2/03/2020","Apple","PP*APPLE.COM/BILL 402-935-7733 CA","1.75","debit","Electronics & Software","Discover","",""
"2/03/2020","APPLECARD GSBANK PAYMENT~ Future Amount: 27.95 ~ Tran: ACHDW","APPLECARD GSBANK PAYMENT~ Future Amount: 27.95 ~ Tran: ACHDW","27.95","debit","Credit Card Payment","Online Savings Account","",""
"2/02/2020","Amazon","AMZN MKTP US*K613A9KO3 AMZN.COM/BILLWA6WXRZJG5HLN","41.06","debit","Shopping","Discover","",""
"2/02/2020","Amazon","AMZN MKTP US*MT9ZM1YP3 AMZN.COM/BILLWA1W6X3WNMQ6M","37.43","debit","Shopping","Discover","",""
"2/01/2020","Alexander","SQ *ALEXANDER'S ON THE NOBLESVILLE IN0002305843012","6.31","debit","Business Services","Discover","",""
"1/31/2020","Internet transfer from Online Savings account","Internet transfer from Online Savings account XXXXXX2593","30.00","credit","Transfer","Interest Checking","",""
"1/31/2020","Internet transfer to Interest Checking account","Internet transfer to Interest Checking account XXXXXX9870","30.00","debit","Transfer","Online Savings Account","",""
"1/25/2020","Perry","SQ *PERRY'S ARCHERY CE HARTFORD CITYIN000115292150","20.00","debit","Service & Parts","Discover","",""
"1/24/2020","TAYLOR UNIVERSIT PAYROLL~ Future Amount: 36 ~ Tran: DDIR","TAYLOR UNIVERSIT PAYROLL~ Future Amount: 36 ~ Tran: DDIR","36.00","credit","Paycheck","Online Savings Account","",""
"1/16/2020","DISCOVER E-PAYMENT","DISCOVER E-PAYMENT","97.38","debit","Credit Card Payment","Online Savings Account","",""
"1/15/2020","Directpay Full Balance","DIRECTPAY FULL BALANCE","97.38","credit","Credit Card Payment","Discover","",""
"1/12/2020","Ivanhoes Inc","IVANHOES INC UPLAND IN","5.94","debit","Fast Food","Discover","",""
"1/10/2020","Interest Paid","Interest Paid","0.01","credit","Interest Income","Interest Checking","",""
"1/10/2020","Interest Paid","Interest Paid","5.36","credit","Interest Income","Online Savings Account","",""
"1/06/2020","Amazon","AMZN DIGITAL*KS3KJ5CN3 888-802-3080 WABJPAT48QD6P","32.46","debit","Shopping","Discover","",""
"1/06/2020","Amazon Kindle","KINDLE SVCS*B442I5SP3 866-321-8851 WA5SFXWUWYI32","7.57","debit","Books","Discover","",""
"1/06/2020"," INST XFER","PAYPAL INST XFER","14.00","debit","Transfer","Interest Checking","",""
"1/05/2020","Amazon","AMZN DIGITAL*QF8N80313 888-802-3080 WA2CN7HRH60CY","12.98","debit","Shopping","Discover","",""
"1/04/2020","Timothy's","Payment to Timothy Swanson","14.00","debit","Coffee Shops","PayPal Account","",""
"1/03/2020","TAYLOR UNIV PAYMENTS","TAYLOR UNIV PAYMENTS","3002.20","debit","Tuition","Online Savings Account","",""
"1/02/2020","APPLECARD GSBANK PAYMENT~ Future Amount: 184.56 ~ Tran: ACHD","APPLECARD GSBANK PAYMENT~ Future Amount: 184.56 ~ Tran: ACHD","184.56","debit","Credit Card Payment","Online Savings Account","",""
"12/23/2019","eCheck Deposit","eCheck Deposit","50.00","credit","Income","Online Savings Account","",""
"12/23/2019","eCheck Deposit","eCheck Deposit","50.00","credit","Income","Online Savings Account","",""
"12/21/2019","Wal-Mart","WALMART.COM 8009666546 800-966-6546 AR","12.45","debit","Shopping","Discover","",""
"12/21/2019","Wal-Mart","WAL-MART SC - #0827 CANTON TX","45.54","debit","Shopping","Discover","",""
"12/20/2019","Venmo","VENMO 8558124430 NY US","10.00","debit","Transfer","Interest Checking","",""
"12/16/2019","Wal-Mart","WAL-MART SC - #1044 TYLER TX","16.06","debit","Shopping","Discover","",""
"12/16/2019","Hobby Lobby","HOBBY-LOBBY #0031 TYLER TX","14.51","debit","Hobbies","Discover","",""
"12/16/2019","Raising Cane's","RAISING CANE'S #129 TYLER TX","6.64","debit","Fast Food","Discover","",""
"12/16/2019","Wal-Mart","WAL-MART SC - #1044 TYLER TX","5.13","debit","Shopping","Discover","",""
"12/16/2019","DISCOVER E-PAYMENT","DISCOVER E-PAYMENT","114.13","debit","Credit Card Payment","Online Savings Account","",""
"12/15/2019","Directpay Full Balance","DIRECTPAY FULL BALANCE","114.13","credit","Credit Card Payment","Discover","",""
"12/13/2019","TAYLOR UNIVERSIT PAYROLL~ Future Amount: 52.43 ~ Tran: DDIR","TAYLOR UNIVERSIT PAYROLL~ Future Amount: 52.43 ~ Tran: DDIR","52.43","credit","Paycheck","Online Savings Account","",""
"12/12/2019","Google","Payment to Google","5.30","debit","Advertising","PayPal Account","",""
"12/11/2019","Google","PP*GOOGLE YOUTUBE TVOD 402-935-7733 CA","5.30","debit","Advertising","Discover","",""
"12/11/2019","Dollar General","DOLLAR GENERAL #19589 UPLAND IN","19.26","debit","Shopping","Discover","",""
"12/11/2019","DOLLARSMART UPLAND IN","DOLLARSMART UPLAND IN","2.35","debit","Restaurants","Discover","",""
"12/11/2019","eCheck Deposit","eCheck Deposit","20.00","credit","Income","Interest Checking","",""
"12/10/2019","Interest Paid","Interest Paid","6.32","credit","Interest Income","Online Savings Account","",""
"12/10/2019","Interest Paid","Interest Paid","0.01","credit","Interest Income","Interest Checking","",""
"12/02/2019","APPLECARD GSBANK PAYMENT","APPLECARD GSBANK PAYMENT","13.55","debit","Credit Card Payment","Online Savings Account","",""
"12/01/2019","Amazon","AMZN MKTP US*6H75B6DJ3 AMZN.COM/BILLWAMT3EO3LGR2V","28.13","debit","Shopping","Discover","",""
"11/29/2019","TAYLOR UNIVERSIT PAYROLL~ Future Amount: 88.13 ~ Tran: DDIR","TAYLOR UNIVERSIT PAYROLL~ Future Amount: 88.13 ~ Tran: DDIR","88.13","credit","Paycheck","Online Savings Account","",""
"11/27/2019","Venmo","VENMO 8558124430 NY US","12.00","debit","Transfer","Interest Checking","",""
"11/27/2019","Venmo Cashout","VENMO CASHOUT","7.00","credit","Income","Interest Checking","",""
"11/22/2019","Taylor Universit Invoice","TAYLOR UNIVERSIT INVOICE","325.00","credit","Income","Online Savings Account","",""
"11/18/2019","DISCOVER E-PAYMENT","DISCOVER E-PAYMENT","90.00","debit","Credit Card Payment","Online Savings Account","",""
"11/15/2019","TAYLOR UNIVERSIT PAYROLL~ Future Amount: 78.64 ~ Tran: DDIR","TAYLOR UNIVERSIT PAYROLL~ Future Amount: 78.64 ~ Tran: DDIR","78.64","credit","Paycheck","Online Savings Account","",""
"11/15/2019","Directpay Full Balance","DIRECTPAY FULL BALANCE","90.00","credit","Credit Card Payment","Discover","",""
"11/11/2019","Venmo","VENMO 8558124430 NY US","4.00","debit","Transfer","Interest Checking","",""
"11/10/2019","Interest Paid","Interest Paid","6.42","credit","Interest Income","Online Savings Account","",""
"11/10/2019","Interest Paid","Interest Paid","0.01","credit","Interest Income","Interest Checking","",""
"11/09/2019","Pizza Hut","PIZZA HUT 7263 DEMOTTE IN","28.32","debit","Fast Food","Discover","",""
"11/02/2019","Wal-Mart","WAL-MART SC - #1294 MARION IN","21.36","debit","Shopping","Discover","",""
"11/01/2019","TAYLOR UNIVERSIT PAYROLL~ Future Amount: 116.31 ~ Tran: DDIR","TAYLOR UNIVERSIT PAYROLL~ Future Amount: 116.31 ~ Tran: DDIR","116.31","credit","Paycheck","Online Savings Account","",""
"11/01/2019","APPLECARD GSBANK PAYMENT~ Future Amount: 19.37 ~ Tran: ACHDW","APPLECARD GSBANK PAYMENT~ Future Amount: 19.37 ~ Tran: ACHDW","19.37","debit","Credit Card Payment","Online Savings Account","",""
"10/21/2019","Wal-Mart","WAL-MART SC - #1294 MARION IN","64.45","debit","Shopping","Discover","",""
"10/18/2019","TAYLOR UNIVERSIT PAYROLL~ Future Amount: 59.94 ~ Tran: DDIR","TAYLOR UNIVERSIT PAYROLL~ Future Amount: 59.94 ~ Tran: DDIR","59.94","credit","Paycheck","Online Savings Account","",""
"10/17/2019","Amtrak","AMTRAK 1800USARAIL DC","90.00","debit","Travel","Discover","",""
"10/16/2019","DISCOVER E-PAYMENT","DISCOVER E-PAYMENT","102.18","debit","Credit Card Payment","Online Savings Account","",""
"10/15/2019","Directpay Full Balance","DIRECTPAY FULL BALANCE","102.18","credit","Credit Card Payment","Discover","",""
"10/10/2019","Interest Paid","Interest Paid","6.78","credit","Interest Income","Online Savings Account","",""
"10/10/2019","ATM Fee Reimbursement","ATM Fee Reimbursement","3.00","credit","ATM Fee","Interest Checking","",""
"10/10/2019","Interest Paid","Interest Paid","0.01","credit","Interest Income","Interest Checking","",""
"10/05/2019","236 W Reade Ave Upland IN US","236 W Reade Ave Upland IN US","63.00","debit","Transfer for Cash Spending","Interest Checking","",""
"10/04/2019","TAYLOR UNIVERSIT PAYROLL~ Future Amount: 60.98 ~ Tran: DDIR","TAYLOR UNIVERSIT PAYROLL~ Future Amount: 60.98 ~ Tran: DDIR","60.98","credit","Paycheck","Online Savings Account","",""
"10/01/2019","APPLECARD GSBANK PAYMENT~ Future Amount: 178.46 ~ Tran: ACHD","APPLECARD GSBANK PAYMENT~ Future Amount: 178.46 ~ Tran: ACHD","178.46","debit","Credit Card Payment","Online Savings Account","",""
"9/23/2019","Internet transfer to Interest Checking account","Internet transfer to Interest Checking account XXXXXX9870","150.00","debit","Transfer","Online Savings Account","",""
"9/23/2019","Internet transfer from Online Savings account","Internet transfer from Online Savings account XXXXXX2593","150.00","credit","Transfer","Interest Checking","",""
"9/20/2019","TAYLOR UNIVERSIT PAYROLL~ Future Amount: 47.98 ~ Tran: DDIR","TAYLOR UNIVERSIT PAYROLL~ Future Amount: 47.98 ~ Tran: DDIR","47.98","credit","Paycheck","Online Savings Account","",""
"9/16/2019","CASH APP*BAILEY MIL 4153753176 CA US","CASH APP*BAILEY MIL 4153753176 CA US","2.00","debit","Fast Food","Interest Checking","",""
"9/16/2019","DISCOVER E-PAYMENT","DISCOVER E-PAYMENT","183.02","debit","Credit Card Payment","Online Savings Account","",""
"9/15/2019","Directpay Full Balance","DIRECTPAY FULL BALANCE","183.02","credit","Credit Card Payment","Discover","",""
"9/10/2019","Interest Paid","Interest Paid","6.91","credit","Interest Income","Online Savings Account","",""
"9/10/2019","Interest Paid","Interest Paid","0.01","credit","Interest Income","Interest Checking","",""
"9/10/2019","ATM Fee Reimbursement","ATM Fee Reimbursement","3.00","credit","ATM Fee","Interest Checking","",""
"9/06/2019","TAYLOR UNIVERSIT PAYROLL~ Future Amount: 158.01 ~ Tran: DDIR","TAYLOR UNIVERSIT PAYROLL~ Future Amount: 158.01 ~ Tran: DDIR","158.01","credit","Paycheck","Online Savings Account","",""
"9/04/2019"," INST XFER","PAYPAL INST XFER","50.00","debit","Transfer","Interest Checking","",""
"9/03/2019","John Soderdahl","Payment to John Soderdahl","50.00","debit","Restaurants","PayPal Account","",""
"9/03/2019"," INST XFER","PAYPAL INST XFER","5.00","debit","Transfer","Interest Checking","",""
"9/03/2019"," INST XFER","PAYPAL INST XFER","20.00","debit","Transfer","Interest Checking","",""
"9/03/2019"," TRANSFER","PAYPAL TRANSFER","52.61","credit","Transfer","Interest Checking","",""
"8/31/2019","Jackson Bonnett","Payment to Jackson Bonnett","20.00","debit","Restaurants","PayPal Account","",""
"8/31/2019","Daniel McHenney","Payment to Daniel McHenney","5.00","debit","Restaurants","PayPal Account","",""
"8/31/2019","Taylor","TAYLOR UNIVE-401285 236 W READE AVE UPLAND IN US","43.00","debit","Business Services","Interest Checking","",""
"8/31/2019","Internet transfer from Online Savings account","Internet transfer from Online Savings account XXXXXX2593","70.00","credit","Transfer","Interest Checking","",""
"8/31/2019","Internet transfer to Interest Checking account","Internet transfer to Interest Checking account XXXXXX9870","70.00","debit","Transfer","Online Savings Account","",""
"8/30/2019","Transfer to Bank Account","Transfer to Bank Account","52.61","debit","Transfer","PayPal Account","",""
"8/27/2019","Pearson Education Inc.","Purchase from Pearson Education, Inc.","75.76","debit","Printing","PayPal Account","",""
"8/26/2019","PEARSONEDUC 402-935-7733 CA","PAYPAL *PEARSONEDUC 402-935-7733 CA","75.76","debit","Books & Supplies","Discover","",""
"8/23/2019","TAYLOR UNIVERSIT PAYROLL~ Future Amount: 621.8 ~ Tran: DDIR","TAYLOR UNIVERSIT PAYROLL~ Future Amount: 621.8 ~ Tran: DDIR","621.80","credit","Paycheck","Online Savings Account","",""
"8/21/2019","Amazon","AMAZON.COM*MA8FM8R90 AMZN.COM/BILLWA10H45840VUX","26.42","debit","Shopping","Discover","",""
"8/19/2019","Timothy Swanson","Payment from Timothy Swanson","31.17","credit","Income","PayPal Account","",""
"8/18/2019","Bill Timothy Swanson","Bill To Timothy Swanson","31.17","credit","Income","PayPal Account","",""
"8/18/2019","Timothy Swanson","Payment from Timothy Swanson","21.44","credit","Income","PayPal Account","",""
"8/18/2019","Bill Timothy Swanson","Bill To Timothy Swanson","21.44","credit","Income","PayPal Account","",""
"8/17/2019","Internet transfer to Online Savings account","Internet transfer to Online Savings account XXXXXX2593","135.22","debit","Transfer","Interest Checking","",""
"8/17/2019","Internet transfer from Interest Checking account","Internet transfer from Interest Checking account XXXXXX9870","135.22","credit","Interest Income","Online Savings Account","",""
"8/16/2019","Amazon","AMZN DIGITAL*MO4PT9CD1 888-802-3080 WA4KJ89OETDF4","62.34","debit","Shopping","Discover","",""
"8/16/2019","Bill Timothy Swanson","Bill To Timothy Swanson","30.55","credit","Income","PayPal Account","",""
"8/16/2019","DISCOVER E-PAYMENT","DISCOVER E-PAYMENT","265.11","debit","Credit Card Payment","Online Savings Account","",""
"8/15/2019","Directpay Full Balance","DIRECTPAY FULL BALANCE","265.11","credit","Credit Card Payment","Discover","",""
"8/13/2019","MAIZAL SOUTH AMERICAN ST ARLINGTON VA","MAIZAL SOUTH AMERICAN ST ARLINGTON VA","13.80","debit","Air Travel","Discover","",""
"8/12/2019"," TRANSFER","PAYPAL TRANSFER","17.83","credit","Transfer","Interest Checking","",""
"8/10/2019","Transfer to Bank Account","Transfer to Bank Account","17.83","debit","Transfer","PayPal Account","",""
"8/10/2019","Interest Paid","Interest Paid","6.59","credit","Interest Income","Online Savings Account","",""
"8/10/2019","Interest Paid","Interest Paid","0.02","credit","Interest Income","Interest Checking","",""
"8/09/2019","TAYLOR UNIVERSIT PAYROLL~ Future Amount: 560.08 ~ Tran: DDIR","TAYLOR UNIVERSIT PAYROLL~ Future Amount: 560.08 ~ Tran: DDIR","560.08","credit","Paycheck","Online Savings Account","",""
"8/08/2019","Bill Timothy Swanson","Bill To Timothy Swanson","17.83","credit","Income","PayPal Account","",""
"8/08/2019","Timothy Swanson","Payment from Timothy Swanson","17.83","credit","Income","PayPal Account","",""
"8/07/2019","DOLLARSMART UPLAND IN","DOLLARSMART UPLAND IN","24.02","debit","Restaurants","Discover","",""
"8/05/2019"," TRANSFER","PAYPAL TRANSFER","14.78","credit","Transfer","Interest Checking","",""
"8/03/2019","Transfer to Bank Account","Transfer to Bank Account","14.78","debit","Transfer","PayPal Account","",""
"8/02/2019","DOLLARSMART UPLAND IN","DOLLARSMART UPLAND IN","17.09","debit","Restaurants","Discover","",""
"8/02/2019","Bill Timothy Swanson","Bill To Timothy Swanson","8.39","credit","Income","PayPal Account","",""
"8/02/2019","Timothy Swanson","Payment from Timothy Swanson","8.39","credit","Income","PayPal Account","",""
"7/30/2019","Timothy Swanson","Payment from Timothy Swanson","8.73","credit","Income","PayPal Account","",""
"7/30/2019","Bill Timothy Swanson","Bill From Timothy Swanson","2.34","credit","Income","PayPal Account","",""
"7/30/2019","Timothy's","Payment to Timothy Swanson","2.34","debit","Coffee Shops","PayPal Account","",""
"7/27/2019","Bill Timothy Swanson","Bill To Timothy Swanson","8.73","credit","Income","PayPal Account","",""
"7/27/2019","Steak 'n Shake","STEAK-N-SHAKE#0290 Q99 MARION INAPPLE PAY ENDING I","9.61","debit","Restaurants","Discover","",""
"7/26/2019","Wal-Mart","WAL-MART SC - #1294 MARION IN","17.82","debit","Shopping","Discover","",""
"7/26/2019","TAYLOR UNIVERSIT PAYROLL~ Future Amount: 804.3 ~ Tran: DDIR","TAYLOR UNIVERSIT PAYROLL~ Future Amount: 804.3 ~ Tran: DDIR","804.30","credit","Paycheck","Online Savings Account","",""
"7/23/2019","TAYLOR UNIV PAYMENTS","TAYLOR UNIV PAYMENTS","1799.00","debit","Tuition","Online Savings Account","",""
"7/22/2019","Amazon","AMZN MKTP US*MA12Z6FG1 AMZN.COM/BILLWA1Z492TA9RHX","38.34","debit","Shopping","Discover","",""
"7/16/2019","DISCOVER E-PAYMENT","DISCOVER E-PAYMENT","62.33","debit","Credit Card Payment","Online Savings Account","",""
"7/15/2019","Directpay Full Balance","DIRECTPAY FULL BALANCE","62.33","credit","Credit Card Payment","Discover","",""
"7/15/2019"," TRANSFER","PAYPAL TRANSFER","127.77","credit","Transfer","Online Savings Account","",""
"7/14/2019","Timothy Swanson","Payment from Timothy Swanson","121.27","credit","Income","PayPal Account","",""
"7/14/2019","Timothy Swanson","Payment from Timothy Swanson","6.50","credit","Income","PayPal Account","",""
"7/14/2019","Transfer to Bank Account","Transfer to Bank Account","127.77","debit","Transfer","PayPal Account","",""
"7/14/2019","Internet transfer to Online Savings account","Internet transfer to Online Savings account XXXXXX2593","347.76","debit","Transfer","Interest Checking","",""
"7/14/2019","Internet transfer from Interest Checking account","Internet transfer from Interest Checking account XXXXXX9870","347.76","credit","Interest Income","Online Savings Account","",""
"7/13/2019","Goodwill Industries","GOODWILL STORE 46 MARI MARION IN","9.61","debit","Shopping","Discover","",""
"7/13/2019","Bill Timothy Swanson","Bill To Timothy Swanson","121.27","credit","Income","PayPal Account","",""
"7/13/2019","Gas City","MICKS FLEA MARKET GAS CITY IN","6.42","debit","Service & Parts","Discover","",""
"7/13/2019","Wal-Mart","WAL-MART SC - #1294 MARION IN","230.63","debit","Shopping","Discover","",""
"7/12/2019","TAYLOR UNIVERSIT PAYROLL~ Future Amount: 193.75 ~ Tran: DDIR","TAYLOR UNIVERSIT PAYROLL~ Future Amount: 193.75 ~ Tran: DDIR","193.75","credit","Paycheck","Online Savings Account","",""
"7/10/2019","Robert Swanson Apple Cash TRANSFER","Robert  Swanson Apple Cash TRANSFER","438.00","credit","Transfer","Interest Checking","",""
"7/10/2019","Interest Paid","Interest Paid","0.01","credit","Interest Income","Interest Checking","",""
"7/10/2019","Interest Paid","Interest Paid","5.89","credit","Interest Income","Online Savings Account","",""
"7/09/2019","AMC","6581 AMC MARION 12 MARION IN","6.49","debit","Movies & DVDs","Discover","",""
"7/08/2019","Venmo","VENMO 8558124430 NY US","25.00","debit","Transfer","Interest Checking","",""
"7/08/2019","VENMO VERIFYBAN","VENMO VERIFYBAN","0.19","debit","Shopping","Interest Checking","",""
"7/08/2019","VENMO VERIFYBAN","VENMO VERIFYBAN","0.33","debit","Shopping","Interest Checking","",""
"7/08/2019","Venmo Verifyban","VENMO VERIFYBAN","0.19","credit","Income","Interest Checking","",""
"7/08/2019","Venmo Verifyban","VENMO VERIFYBAN","0.33","credit","Income","Interest Checking","",""
"7/07/2019","Taco Bell","TACO BELL 017293 DANVILLE IL","6.49","debit","Fast Food","Discover","",""
"7/07/2019","Dairy Queen","DAIRY QUEEN #44807 KEARNEY MO","5.47","debit","Fast Food","Discover","",""
"7/01/2019"," INST XFER","PAYPAL INST XFER","9.02","debit","Transfer","Interest Checking","",""
"6/28/2019","David Raube","Payment to David Raube","9.02","debit","Restaurants","PayPal Account","",""
"6/28/2019","TAYLOR UNIVERSIT PAYROLL~ Future Amount: 804.3 ~ Tran: DDIR","TAYLOR UNIVERSIT PAYROLL~ Future Amount: 804.3 ~ Tran: DDIR","804.30","credit","Paycheck","Online Savings Account","",""
"6/24/2019"," INST XFER","PAYPAL INST XFER","24.13","debit","Transfer","Interest Checking","",""
"6/22/2019","Timothy's","Payment to Timothy Swanson","24.13","debit","Groceries","PayPal Account","",""
"6/17/2019","DISCOVER E-PAYMENT","DISCOVER E-PAYMENT","151.28","debit","Credit Card Payment","Online Savings Account","",""
"6/17/2019"," TRANSFER","PAYPAL TRANSFER","2.00","credit","Transfer","Interest Checking","",""
"6/15/2019","Directpay Full Balance","DIRECTPAY FULL BALANCE","151.28","credit","Credit Card Payment","Discover","",""
"6/15/2019","Transfer to Bank Account","Transfer to Bank Account","2.00","debit","Transfer","PayPal Account","",""
"6/14/2019","TAYLOR UNIVERSIT PAYROLL~ Future Amount: 804.3 ~ Tran: DDIR","TAYLOR UNIVERSIT PAYROLL~ Future Amount: 804.3 ~ Tran: DDIR","804.30","credit","Paycheck","Online Savings Account","",""
"6/13/2019","Google","Payment to Google","6.36","debit","Advertising","PayPal Account","",""
"6/13/2019","David Fletcher","Payment from David Fletcher","1.00","credit","Income","PayPal Account","",""
"6/13/2019","Charles Mikels","Payment from Charles Mikels","1.00","credit","Income","PayPal Account","",""
"6/12/2019","Google","PAYPAL *GOOGLE YOUTUBE 402-935-7733 CA","6.36","debit","Advertising","Discover","",""
"6/12/2019","TAYLOR UNIV PAYMENTS","TAYLOR UNIV PAYMENTS","460.00","debit","Tuition","Online Savings Account","",""
"6/11/2019"," TRANSFER","PAYPAL TRANSFER","18.66","credit","Transfer","Interest Checking","",""
"6/11/2019","Transfer to Bank Account","Transfer to Bank Account","18.66","debit","Transfer","PayPal Account","",""
"6/10/2019","Interest Paid","Interest Paid","5.08","credit","Interest Income","Online Savings Account","",""
"6/10/2019","Interest Paid","Interest Paid","0.01","credit","Interest Income","Interest Checking","",""
"6/08/2019","Aldi","ALDI 44018 MARION IN","38.09","debit","Groceries","Discover","",""
"6/08/2019","Timothy Swanson","Payment from Timothy Swanson","18.66","credit","Income","PayPal Account","",""
"6/08/2019","Bill Timothy Swanson","Bill To Timothy Swanson","18.85","credit","Income","PayPal Account","",""
"6/07/2019","Dollar General","DOLLAR GENERAL #19589 UPLAND IN","5.35","debit","Shopping","Discover","",""
"6/07/2019","INST XFER","PAYPAL INST XFER","5.00","debit","Transfer","Interest Checking","",""
"6/06/2019","Steven Christophersen","Payment to Steven Christophersen","5.00","debit","Restaurants","PayPal Account","",""
"6/03/2019","INST XFER","PAYPAL INST XFER","42.67","debit","Transfer","Interest Checking","",""
"6/01/2019","Timothy's","Payment to Timothy Swanson","42.67","debit","Groceries","PayPal Account","",""
"5/31/2019","TAYLOR UNIVERSIT PAYROLL~ Future Amount: 400.48 ~ Tran: DDIR","TAYLOR UNIVERSIT PAYROLL~ Future Amount: 400.48 ~ Tran: DDIR","400.48","credit","Paycheck","Online Savings Account","",""
"5/28/2019","INST XFER","PAYPAL INST XFER","57.98","debit","Transfer","Interest Checking","",""
"5/27/2019","Timothy's","Payment to Timothy Swanson","57.98","debit","Coffee Shops","PayPal Account","",""
"5/26/2019","Taco Bell","TACO BELL #23140 GAS CITY IN","6.41","debit","Fast Food","Discover","",""
"5/26/2019","GREEKS UPLAND UPLAND IN","GREEKS UPLAND UPLAND IN","6.12","debit","Restaurants","Discover","",""
"5/26/2019","Transfer to Interest Checking","Internet transfer to Interest Checking account XXXXXX9870","150.00","debit","Transfer","Online Savings Account","",""
"5/26/2019","Transfer from Online Savings Account","Internet transfer from Online Savings account XXXXXX2593","150.00","credit","Transfer","Interest Checking","",""
"5/20/2019","INST XFER","PAYPAL INST XFER","13.37","debit","Transfer","Interest Checking","",""
"5/19/2019","Timothy's","Payment to Timothy Swanson","13.37","debit","Coffee Shops","PayPal Account","",""
"5/18/2019","Pilot Travel Center","PILOT 01086 MARION IN","4.28","debit","Gas & Fuel","Discover","",""
"5/18/2019","Wal-Mart","WAL-MART SC - #1294 MARION IN","83.00","debit","Shopping","Discover","",""
"5/18/2019","Goodwill Industries","GOODWILL STORE 46 MARI MARION IN","4.80","debit","Shopping","Discover","",""
"5/17/2019","TAYLOR UNIVERSIT PAYROLL~ Future Amount: 82.71 ~ Tran: DDIR","TAYLOR UNIVERSIT PAYROLL~ Future Amount: 82.71 ~ Tran: DDIR","82.71","credit","Paycheck","Online Savings Account","",""
"5/16/2019","DISCOVER E-PAYMENT","DISCOVER E-PAYMENT","510.19","debit","Credit Card Payment","Online Savings Account","",""
"5/15/2019","Directpay Full Balance","DIRECTPAY FULL BALANCE","510.19","credit","Credit Card Payment","Discover","",""
"5/12/2019","SITARA INDIAN CUIS MUNCIE INAPPLE PAY ENDING I","SQ *SITARA INDIAN CUIS MUNCIE INAPPLE PAY ENDING I","14.89","debit","Restaurants","Discover","",""
"5/10/2019","DOLLARSMART UPLAND IN","DOLLARSMART UPLAND IN","4.63","debit","Restaurants","Discover","",""
"5/10/2019","Dollar General","DOLLAR GENERAL #19589 UPLAND IN","3.14","debit","Shopping","Discover","",""
"5/10/2019","Interest Paid","Interest Paid","5.46","credit","Interest Income","Online Savings Account","",""
"5/10/2019","ATM Fee Reimbursement","ATM Fee Reimbursement","3.00","credit","ATM Fee","Interest Checking","",""
"5/10/2019","Interest Paid","Interest Paid","0.01","credit","Interest Income","Interest Checking","",""
"5/09/2019","TAYLOR UNIV PAYMENTS","TAYLOR UNIV PAYMENTS","100.00","debit","Tuition","Online Savings Account","",""
"5/08/2019","IHOP","IHOP #3313 MARION IN00828R","7.40","debit","Restaurants","Discover","",""
"5/03/2019","TAYLOR UNIVERSIT PAYROLL~ Future Amount: 109.02 ~ Tran: DDIR","TAYLOR UNIVERSIT PAYROLL~ Future Amount: 109.02 ~ Tran: DDIR","109.02","credit","Paycheck","Online Savings Account","",""
"4/29/2019","GOSQ.COM ALEX HUNT UPLAND IN000230584301216450","SQ *GOSQ.COM ALEX HUNT UPLAND IN000230584301216450","11.00","debit","Hair","Discover","",""
"4/24/2019","Amazon","AMZN MKTP US*MZ0WA1QL1 AMZN.COM/BILLWA57P47KIM76B","9.95","debit","Shopping","Discover","",""
"4/24/2019","Fandango","PAYPAL *FANDANGO 402-935-7733 CA","8.19","debit","Movies & DVDs","Discover","",""
"4/24/2019","Fandango","Purchase from Fandango","8.19","debit","Movies & DVDs","PayPal Account","",""
"4/19/2019","TAYLOR UNIVERSIT PAYROLL~ Future Amount: 72.98 ~ Tran: DDIR","TAYLOR UNIVERSIT PAYROLL~ Future Amount: 72.98 ~ Tran: DDIR","72.98","credit","Paycheck","Online Savings Account","",""
"4/16/2019","DISCOVER E-PAYMENT","DISCOVER E-PAYMENT","98.85","debit","Credit Card Payment","Online Savings Account","",""
"4/15/2019","DIRECTPAY FULL BALANCE","DIRECTPAY FULL BALANCE","98.85","credit","Credit Card Payment","Discover","",""
"4/15/2019","Taylor","TAYLOR UNIVE-401285 236 W READE AVE UPLAND IN US","43.00","debit","Withdrawal","Interest Checking","",""
"4/10/2019","Interest Paid","Interest Paid","5.50","credit","Interest Income","Online Savings Account","",""
"4/10/2019","Interest Paid","Interest Paid","0.01","credit","Interest Income","Interest Checking","",""
"4/05/2019","Amazon","AMZN MKTP US*MW63S8DR2 AMZN.COM/BILLWA44MAKTFXSDM","29.72","debit","Shopping","Discover","",""
"4/05/2019","TAYLOR UNIVERSIT PAYROLL~ Future Amount: 72.13 ~ Tran: DDIR","TAYLOR UNIVERSIT PAYROLL~ Future Amount: 72.13 ~ Tran: DDIR","72.13","credit","Paycheck","Online Savings Account","",""
"4/01/2019","TRANSFER","PAYPAL TRANSFER","21.60","credit","Transfer","Interest Checking","",""
"3/30/2019","Transfer to Bank Account","Transfer to Bank Account","21.60","debit","Transfer","PayPal Account","",""
"3/30/2019","Timothy Swanson","Payment from Timothy Swanson","21.60","credit","Income","PayPal Account","",""
"3/27/2019","IMLEAGUES 919-636-3645 NC","IMLEAGUES 919-636-3645 NC","5.79","debit","Fast Food","Discover","",""
"3/26/2019","American Airlines","PP*AMERICANAIR 402-935-7733 CA","215.99","debit","Air Travel","Discover","",""
"3/26/2019","American Airlines","Purchase from American Airlines","215.99","debit","Air Travel","PayPal Account","",""
"3/24/2019","PP*UNITED 402-935-7733 CA","PP*UNITED 402-935-7733 CA","179.00","debit","Air Travel","Discover","",""
"3/24/2019","United Airlines","Purchase from United Airlines, Inc","179.00","debit","Air Travel","PayPal Account","",""
"3/23/2019","Google","Payment to Google","3.18","debit","Advertising","PayPal Account","",""
"3/22/2019","TOL TU PORTAL 7659985216 IN","TOL TU PORTAL 7659985216 IN","16.03","debit","Books & Supplies","Discover","",""
"3/22/2019","Google","PAYPAL *GOOGLE YOUTUBE 402-935-7733 CA","3.18","debit","Advertising","Discover","",""
"3/22/2019","Taylor Universit Payroll","TAYLOR UNIVERSIT PAYROLL~ Future Amount: 129.16 ~ Tran: DDIR","129.16","credit","Paycheck","Online Savings Account","",""
"3/20/2019","Alfredapp Ca","PAYPAL *ALFREDAPP 402-935-7733 CA","31.56","debit","Electronics & Software","Discover","",""
"3/20/2019","Adafruitind Ca","PAYPAL *ADAFRUITIND 402-935-7733 CA","28.92","debit","Groceries","Discover","",""
"3/20/2019","Running With Crayons","Purchase from Running with Crayons Ltd","23.00","debit","Electronics & Software","PayPal Account","",""
"3/20/2019","Taylor Univ Payments","TAYLOR UNIV PAYMENTS","65.00","debit","Tuition","Interest Checking","",""
"3/20/2019","Adafruit Industries Llc","Purchase from Adafruit Industries LLC","28.92","debit","Groceries","PayPal Account","",""
"3/18/2019","Discover E","DISCOVER E-PAYMENT","156.69","debit","Credit Card Payment","Online Savings Account","",""
"3/16/2019","Meijer","MEIJER # 153 MARION INAPPLE PAY ENDING IN 2014","49.76","debit","Groceries","Discover","",""
"3/15/2019","Directpay Full Balance","DIRECTPAY FULL BALANCE","156.69","credit","Credit Card Payment","Discover","",""
"3/12/2019","Echeck Deposit","eCheck Deposit","222.00","credit","Transfer","Online Savings Account","",""
"3/10/2019","Interest Paid","Interest Paid","4.39","credit","Interest Income","Online Savings Account","",""
"3/10/2019","Interest Paid","Interest Paid","0.01","credit","Interest Income","Interest Checking","",""
"3/09/2019","Portillos Hot Dogs","PORTILLOS HOT DOGS #52 FISHERS IN","6.20","debit","Restaurants","Discover","",""
"3/08/2019","Engrmspctrm Ca","PAYPAL *ENGRMSPCTRM 402-935-7733 CA","10.00","debit","Books & Supplies","Discover","",""
"3/08/2019","Jerome Wagner","Payment to Jerome Wagner","10.00","debit","Restaurants","PayPal Account","",""
"3/08/2019","Taylor Universit Payroll","TAYLOR UNIVERSIT PAYROLL","112.04","credit","Paycheck","Online Savings Account","",""
"2/27/2019","Amazon","AMZN MKTP US*MI97Z7DM1 AMZN.COM/BILLWA7HK7A28PZSF","32.89","debit","Shopping","Discover","",""
"2/26/2019","Internal Revenue Service","IRS  TREAS 310 TAX REF~ Future Amount: 99.27 ~ Tran: DDIR","99.27","credit","Federal Tax","Online Savings Account","",""
"2/22/2019","Taylor Universit Payroll","TAYLOR UNIVERSIT PAYROLL~ Future Amount: 83.74 ~ Tran: DDIR","83.74","credit","Paycheck","Online Savings Account","",""
"2/19/2019","Discover E","DISCOVER E-PAYMENT","118.46","debit","Credit Card Payment","Online Savings Account","",""
"2/19/2019","Transfer","PAYPAL TRANSFER","12.32","credit","Transfer","Interest Checking","",""
"2/16/2019","Transfer Bank Account","Transfer to Bank Account","12.32","debit","Transfer","PayPal Account","",""
"2/15/2019","Directpay Full Balance","DIRECTPAY FULL BALANCE","118.46","credit","Credit Card Payment","Discover","",""
"2/11/2019","Google","Payment to Google","3.18","debit","Advertising","PayPal Account","",""
"2/10/2019","Interest Paid","Interest Paid","4.75","credit","Interest Income","Online Savings Account","",""
"2/10/2019","Interest Paid","Interest Paid","0.01","credit","Interest Income","Interest Checking","",""
"2/04/2019","Tol Tu Portal","TOL TU PORTAL 7659985216 IN","12.83","debit","Books & Supplies","Discover","",""
"2/02/2019","Timothy Swanson","Payment from Timothy Swanson","15.50","credit","Income","PayPal Account","",""
"1/29/2019","Zybook College Txtbook","ZYBOOK COLLEGE TXTBOOK 140-863-4992 CA","61.83","debit","Tuition","Discover","",""
"1/29/2019","Amazon","AMZN DIGITAL*MB8A917Q0 888-802-3080 WA4WR4UDREA0E","22.72","debit","Shopping","Discover","",""
"1/29/2019","Amazon","AMZN DIGITAL*MB7AQ87U0 888-802-3080 WA7I3BJXRSHZ2","25.97","debit","Shopping","Discover","",""
"1/28/2019","Tol Tu Portal","TOL TU PORTAL 7659985216 IN","6.41","debit","Books & Supplies","Discover","",""
"1/28/2019","Inst Xfer","PAYPAL INST XFER","7.22","debit","Transfer","Interest Checking","",""
"1/26/2019","Ryan Houck","Payment to Ryan Houck","18.00","debit","Restaurants","PayPal Account","",""
"1/26/2019","Alexanders","ALEXANDERS ON THE SQUARE NOBLESVILLE IN","5.88","debit","Food & Dining","Discover","",""
"1/24/2019","Amazon","AMAZON.COM*MB0H01PA2 AMZN.COM/BILLWA17ZG6I1F9QS","21.05","debit","Shopping","Discover","",""
"1/23/2019","Timothy Swanson","Payment from Timothy Swanson","10.78","credit","Income","PayPal Account","",""
"1/16/2019","Discover E","DISCOVER E-PAYMENT","112.00","debit","Credit Card Payment","Online Savings Account","",""
"1/15/2019","Directpay Full Balance","DIRECTPAY FULL BALANCE","112.00","credit","Credit Card Payment","Discover","",""
"1/10/2019","Interest Paid","Interest Paid","4.88","credit","Interest Income","Online Savings Account","",""
"1/10/2019","Interest Paid","Interest Paid","0.01","credit","Interest Income","Interest Checking","",""
"1/10/2019","ATM Fee Refund","ATM Fee Reimbursement","3.00","credit","ATM Fee","Interest Checking","",""
"1/07/2019","Digi Key","Payment to Digi-Key Corporation","11.07","debit","Hobbies","PayPal Account","",""
"1/07/2019","Digikeycorp Ca","PAYPAL *DIGIKEYCORP 402-935-7733 CA","11.07","debit","Gift","Discover","",""
"1/03/2019","Taylor Univ Payments","TAYLOR UNIV PAYMENTS","1147.50","debit","Tuition","Online Savings Account","",""
"1/02/2019","Taco Bell","TACO BELL #23140 GAS CITY IN","6.09","debit","Fast Food","Discover","",""
"1/02/2019","Inst Xfer","PAYPAL INST XFER","10.00","debit","Transfer","Interest Checking","",""
"1/01/2019","Timothy's","Payment to Timothy Swanson","10.00","debit","Coffee Shops","PayPal Account","",""
"1/01/2019","Brookshire's","BROOKSHIRES 2 VAN TXAPPLE PAY ENDING IN 2014","1.35","debit","Groceries","Discover","",""
"12/31/2018","Transfer","PAYPAL TRANSFER","12.29","credit","Transfer","Online Savings Account","",""
"12/30/2018","Amazon","AMZN MKTP US*M21J66832 AMZN.COM/BILLWA5M9EWP8PT4X","19.99","debit","Shopping","Discover","",""
"12/29/2018","Timothy Swanson","Payment from Timothy Swanson","12.29","credit","Income","PayPal Account","",""
"12/29/2018","Transfer Bank Account","Transfer to Bank Account","12.29","debit","Transfer","PayPal Account","",""
"12/29/2018","Amazon Kindle","KINDLE SVCS*M22S55UM1 866-321-8851 WA6475VEH0KT1","17.19","debit","Books","Discover","",""
"12/26/2018","Atom Tickets Llc","ATOM TICKETS, LLC 310-627-2866 CAAPPLE PAY ENDING","1.50","debit","Movies & DVDs","Discover","",""
"12/26/2018","Echeck Deposit","eCheck Deposit","50.00","credit","Gift","Online Savings Account","",""
"12/24/2018","Amazon","AMZN MKTP US*M204X2S90 AMZN.COM/BILLWA739XIV1S6FS","12.99","debit","Shopping","Discover","",""
"12/22/2018","Amazon","AMAZON.COM*M21OT16X1 AMZN.COM/BILLWAQNJTG0UEZCM","9.73","debit","Shopping","Discover","",""
"12/21/2018","Dirt Cheap","DIRT CHEAP TYLER TX #402 TYLER TX","5.83","debit","Shopping","Discover","",""
"12/21/2018","Wal-Mart","WAL-MART SC - #1022 TYLER TX","32.72","debit","Shopping","Discover","",""
"12/21/2018","Echeck Deposit","eCheck Deposit","2454.22","credit","Transfer","Online Savings Account","",""
"12/21/2018","Echeck Deposit","eCheck Deposit","50.00","credit","Gift","Interest Checking","",""
"12/18/2018","Discover E","DISCOVER E-PAYMENT","582.45","debit","Credit Card Payment","Online Savings Account","",""
"12/17/2018","Internet Thank You","INTERNET PAYMENT - THANK YOU","582.45","credit","Credit Card Payment","Discover","",""
"12/17/2018","Cashback Bonus Redemption","CASHBACK BONUS REDEMPTION PYMT/STMT CRDT","5.64","credit","Bonus","Discover","",""
"12/17/2018","Transfer to Interest Checking","Internet transfer to Interest Checking account XXXXXX9870","100.00","debit","Transfer","Online Savings Account","",""
"12/17/2018","Transfer from Online Savings Account","Internet transfer from Online Savings account XXXXXX2593","100.00","credit","Transfer","Interest Checking","",""
"12/17/2018","Transfer to Discover it Card","DISCOVER E-PAYMENT","89.44","debit","Credit Card Payment","Online Savings Account","",""
"12/17/2018","Inst Xfer","PAYPAL INST XFER","10.00","debit","Transfer","Interest Checking","",""
"12/16/2018","Amtrak","AMTRAK 1800USARAIL DC","112.00","debit","Travel","Discover","",""
"12/15/2018","Transfer from Online Savings Account","DIRECTPAY FULL BALANCE","89.44","credit","Credit Card Payment","Discover","",""
"12/14/2018","Timothy's","Payment to Timothy Swanson","10.00","debit","Coffee Shops","PayPal Account","",""
"12/13/2018","Taylor","TAYLOR UNIVE-401285 236 W READE AVE UPLAND IN US","43.00","debit","Withdrawal","Interest Checking","",""
"12/10/2018","Amazon","AMZN MKTP US*M00V409V0 AMZN.COM/BILLWA7IFLWH4YD7I","27.25","debit","Shopping","Discover","",""
"12/10/2018","Interest Paid","Interest Paid","3.30","credit","Interest Income","Online Savings Account","",""
"11/30/2018","Taylor","TAYLOR UNIVERSITY GERI 121-494-5400 IN","20.33","debit","Business Services","Discover","",""
"11/28/2018","Apple","APL*APPLE ONLINE STORE 800-676-2775 CAW596616431A6","50.00","debit","Electronics & Software","Discover","",""
"11/28/2018","Apple","APL*APPLE ONLINE STORE 800-676-2775 CAW596616431A6","277.13","debit","Electronics & Software","Discover","",""
"11/28/2018","Amtrak","AMTRAK 1800USARAIL DC","90.00","debit","Travel","Discover","",""
"11/27/2018","Amazon","AMZN MKTP US*M003Z7TS0 AMZN.COM/BILLWA5WOC408VQK3","36.98","debit","Shopping","Discover","",""
"11/27/2018","Requested Transfer Robert","Requested transfer from ROBERT R SWANSON Ally Bank Transfer","170.94","credit","Transfer","Online Savings Account","",""
"11/25/2018","Amazon","AMAZON.COM*M07V12L80 AMZN.COM/BILLWA6AAS98EL3JE","80.00","debit","Shopping","Discover","",""
"11/23/2018","Chuy Noblesville","CHUY S NOBLESVILLE NOBLESVILLE IN","6.40","debit","Restaurants","Discover","",""
"11/17/2018","Taylor University","SQ *TAYLOR UNIVERSITY UPLAND IN0002305843011896247","20.00","debit","Tuition","Discover","",""
"11/16/2018","Transfer to Discover it Card","DISCOVER E-PAYMENT","147.67","debit","Credit Card Payment","Online Savings Account","",""
"11/15/2018","Transfer from Online Savings Account","DIRECTPAY FULL BALANCE","147.67","credit","Credit Card Payment","Discover","",""
"11/10/2018","Interest Paid","Interest Paid","3.32","credit","Interest Income","Online Savings Account","",""
"11/03/2018","iTunes","APL*ITUNES.COM/BILL 800-275-2273 CAMSL85G2J9JA0","5.40","debit","Music","Discover","",""
"11/02/2018","Pickle Lounge Northside","PICKLE LOUNGE NORTHSIDE HARTFORD CITYIN","7.50","debit","Alcohol & Bars","Discover","",""
"10/29/2018","Imleaguesll Ca","PAYPAL *IMLEAGUESLL 402-935-7733 CA","5.79","debit","Sports","Discover","",""
"10/27/2018","Sky Zone Fishers","SKY ZONE - FISHERS FISHERS IN","19.00","debit","Kids Activities","Discover","",""
"10/27/2018","Culvers","CULVERS OF FISHERS FISHERS IN","3.99","debit","Fast Food","Discover","",""
"10/22/2018","Audible.com","AUDIBLE US 888-283-5051 NJFF8NDR6O3IR","16.18","debit","Books","Discover","",""
"10/19/2018","Imleaguesll Ca","PAYPAL *IMLEAGUESLL 402-935-7733 CA","5.79","debit","Sports","Discover","",""
"10/19/2018","Imleaguesll Ca","PAYPAL *IMLEAGUESLL 402-935-7733 CA","5.79","debit","Sports","Discover","",""
"10/16/2018","Amazon","AMZN MKTP US*M86MC2FQ2 AMZN.COM/BILLWA1H3GH8A4W59","19.61","debit","Shopping","Discover","",""
"10/16/2018","Amazon","AMZN MKTP US*MT6EH2WS1 AMZN.COM/BILLWA6PJI1VG7QTX","5.30","debit","Shopping","Discover","",""
"10/10/2018","Amazon","AMZN MKTP US*MT95059B1 AMZN.COM/BILLWA4B16R2MKJRK","12.91","debit","Shopping","Discover","",""
"10/10/2018","Amazon","AMZN MKTP US*MT7ZF5I72 AMZN.COM/BILLWA16E6VMWYZH7","43.62","debit","Shopping","Discover","",""
"10/10/2018","Interest Paid","Interest Paid","3.31","credit","Interest Income","Online Savings Account","",""
"10/03/2018","iTunes","APL*ITUNES.COM/BILL 800-275-2273 CAMSL6ST6WZ8A0","5.40","debit","Music","Discover","",""
"9/25/2018","Amazon","AMZN MKTP US*MT4Q48A21 AMZN.COM/BILLWA6BUFA5WGRZJ","26.50","debit","Shopping","Discover","",""
"9/24/2018","Transfer to Discover it Card","DISCOVER E-PAYMENT","242.37","debit","Credit Card Payment","Online Savings Account","",""
"9/24/2018","Transfer","PAYPAL TRANSFER","1.50","credit","Transfer","Interest Checking","",""
"9/22/2018","Wal-Mart","WAL-MART SC - #1294 MARION IN","5.25","debit","Shopping","Discover","",""
"9/22/2018","Cashback Bonus Redemption","CASHBACK BONUS REDEMPTION PYMT/STMT CRDT","2.45","credit","Bonus","Discover","",""
"9/22/2018","Smart Style","SMARTSTYLE MARION IN","18.27","debit","Hair","Discover","",""
"9/22/2018","Transfer from Online Savings Account","INTERNET PAYMENT - THANK YOU","242.37","credit","Credit Card Payment","Discover","",""
"9/21/2018","iTunes","APL* ITUNES.COM/BILL 866-712-7753 CAMSL5QSFDFNA0","10.81","debit","Music","Discover","",""
"9/19/2018","Transfer","PAYPAL TRANSFER","5.00","credit","Transfer","Interest Checking","",""
"9/17/2018","Inst Xfer","PAYPAL INST XFER","2.00","debit","Transfer","Interest Checking","",""
"9/12/2018","Inst Xfer Future","PAYPAL INST XFER~ Future Amount: 250 ~ Tran: ACHDW","250.00","debit","Transfer","Online Savings Account","",""
"9/10/2018","Interest Paid","Interest Paid","5.15","credit","Interest Income","Online Savings Account","",""
"9/03/2018","Amazon","AMZN MKTP US AMZN.COM/BILLWA31E8KOJFN9V","16.04","debit","Shopping","Discover","",""
"9/03/2018","iTunes","APL* ITUNES.COM/BILL 866-712-7753 CAMSL5D4LBMMA0","5.40","debit","Music","Discover","",""
"9/02/2018","Vudu","VUDU.COM 999-999-9999 CA","5.40","debit","Movies & DVDs","Discover","",""
"8/31/2018","Tol Tu Portal","TOL TU PORTAL 7659985216 IN","10.69","debit","Books & Supplies","Discover","",""
"8/31/2018","Turning Technologies LLC","TURNING TECHNOLOGIES YOUNGSTOWN OH","24.99","debit","Business Services","Discover","",""
"8/28/2018","Tol Tu Portal","TOL TU PORTAL 7659985216 IN","5.34","debit","Books & Supplies","Discover","",""
"8/28/2018","Amazon","AMZN MKTP US AMZN.COM/BILLWATWL1U5SFMU0","9.99","debit","Shopping","Discover","",""
"8/24/2018","Tol Tu Portal","TOL TU PORTAL 7659985216 IN","38.51","debit","Books & Supplies","Discover","",""
"8/24/2018","Sky Ranches Direct","SKY RANCHES INC DIRECT DEP~ Future Amount: 401.85 ~ Tran: DD","401.85","credit","Paycheck","Online Savings Account","",""
"8/23/2018","Code Energy Ca","PAYPAL *CODE ENERGY 402-935-7733 CA","19.00","debit","Books & Supplies","Discover","",""
"8/23/2018","Amazon Kindle","KINDLE SVCS 866-321-8851 WAOKEB31QNNNV","27.15","debit","Books & Supplies","Discover","",""
"8/23/2018","Amazon Kindle","KINDLE SVCS 866-321-8851 WA5T1JOH57FVS","12.98","debit","Books & Supplies","Discover","",""
"8/23/2018","Amazon Kindle","KINDLE SVCS 866-321-8851 WA1Y7OLPV2P73","3.78","debit","Books & Supplies","Discover","",""
"8/23/2018","Amazon Kindle","KINDLE SVCS 866-321-8851 WA32H9TPIAWZ9","10.81","debit","Books & Supplies","Discover","",""
"8/23/2018","Amazon Kindle","KINDLE SVCS 866-321-8851 WA6MBL3KZJ6R3","11.29","debit","Books & Supplies","Discover","",""
"8/23/2018","Amazon Kindle","KINDLE SVCS 866-321-8851 WA205364UNIOK","9.54","debit","Books & Supplies","Discover","",""
"8/22/2018","Discover E","DISCOVER E-PAYMENT","518.67","debit","Credit Card Payment","Online Savings Account","",""
"8/21/2018","Wal-Mart","WAL-MART SC - #1294 MARION IN","33.91","debit","Shopping","Discover","",""
"8/21/2018","Cashback Bonus Redemption","CASHBACK BONUS REDEMPTION PYMT/STMT CRDT","5.31","credit","Bonus","Discover","",""
"8/21/2018","Internet Thank You","INTERNET PAYMENT - THANK YOU","518.67","credit","Credit Card Payment","Discover","",""
"8/21/2018","West Texas Am","WEST TEXAS AM U TUITION","2454.22","debit","Tuition","Online Savings Account","",""
"8/14/2018","Amazon","AMZN MKTP US AMZN.COM/BILLWAS36DMR0MHMM","25.97","debit","Shopping","Discover","",""
"8/10/2018","Interest Paid","Interest Paid","2.79","credit","Interest Income","Online Savings Account","",""
"8/10/2018","Sky Ranches Direct","SKY RANCHES INC DIRECT DEP~ Future Amount: 492.9 ~ Tran: DDI","492.90","credit","Paycheck","Online Savings Account","",""
"8/08/2018","Brookshire's","BROOKSHIRES FUEL 2 VAN TX","4.88","debit","Groceries","Discover","",""
"8/08/2018","Echeck Deposit","eCheck Deposit","1000.00","credit","Gift","Online Savings Account","",""
"7/31/2018","Transfer","PAYPAL TRANSFER","96.20","credit","Transfer","Online Savings Account","",""
"7/31/2018","Transfer","PAYPAL TRANSFER","25.00","credit","Transfer","Interest Checking","",""
"7/30/2018","Goodwill Industries","GOODWILL INDUSTRIES - TYLER TX","11.00","debit","Shopping","Discover","",""
"7/30/2018","Inst Xfer","PAYPAL INST XFER","25.00","debit","Transfer","Interest Checking","",""
"7/27/2018","Requested Transfer Robert","Requested transfer from ROBERT R SWANSON Ally Bank Transfer","3540.42","credit","Transfer","Online Savings Account","",""
"7/27/2018","Requested Transfer Robert","Requested transfer from ROBERT R SWANSON Ally Bank Transfer","50.00","credit","Transfer","Interest Checking","",""
"7/26/2018","Verifybank Future Amount","PAYPAL VERIFYBANK~ Future Amount: .13 ~ Tran: DDIR","0.13","credit","Income","Online Savings Account","",""
"7/26/2018","Verifybank Future Amount","PAYPAL VERIFYBANK~ Future Amount: .15 ~ Tran: ACHDW","0.15","debit","Cash & ATM","Online Savings Account","",""
"7/26/2018","Verifybank Future Amount","PAYPAL VERIFYBANK~ Future Amount: .02 ~ Tran: DDIR","0.02","credit","Income","Online Savings Account","",""
"7/26/2018","Verifybank Future Amount","PAYPAL VERIFYBANK~ Future Amount: .17 ~ Tran: DDIR","0.17","credit","Income","Interest Checking","",""
"7/26/2018","Verifybank Future Amount","PAYPAL VERIFYBANK~ Future Amount: .12 ~ Tran: DDIR","0.12","credit","Income","Interest Checking","",""
"7/26/2018","Verifybank Future Amount","PAYPAL VERIFYBANK~ Future Amount: .29 ~ Tran: ACHDW","0.29","debit","Cash & ATM","Interest Checking","",""
"7/24/2018","Apple","APL*APPLE ONLINE STORE 800-676-2775 CAW609014069A6","430.83","debit","Electronics & Software","Discover","",""
"7/23/2018","Amazon","AMAZON MKTPLACE PMTS AMZN.COM/BILLWA3WJ5Z3CR8XD","8.98","debit","Shopping","Discover","",""
"7/19/2018","Wal-Mart","WALMART.COM 800-966-6546 ARW6HWMY0R27AF","8.05","debit","Shopping","Discover","",""
"7/14/2018","Whatz Up Family Fun Park Inc.","WHATZ-UP FAMILY FUN PARK SEVEN POINTS TX","32.48","debit","Amusement","Discover","",""
"7/14/2018","Sonic","SONIC DRIVE IN #4753 SEVEN POINTS TX","1.79","debit","Fast Food","Discover","",""
"7/29/2017","Feed Cats","Feed Cats","10.00","credit","Income","Cash","",""
"7/09/2017","Double Shift","Double Shift","20.00","credit","Bonus","Cash","",""
"6/13/2017","Initial Bank Amount","Initial Bank Amount","204.66","credit","Uncategorized","Cash","",""
"6/13/2017","Initial Cash Amount","Initial Amount","63.54","credit","Uncategorized","Cash","",""
